method,problem,dim,run,iter,evals,best_f
aarq,ackley,30,0,0,100,20.511745832592
aarq,ackley,30,0,1,199,20.511745832592
aarq,ackley,30,0,2,298,20.511745832592
aarq,ackley,30,0,3,397,20.286508294659
aarq,ackley,30,0,4,496,20.286508294659
aarq,ackley,30,0,5,595,20.286508294659
aarq,ackley,30,0,6,694,20.080001222041
aarq,ackley,30,0,7,793,20.080001222041
aarq,ackley,30,0,8,892,20.080001222041
aarq,ackley,30,0,9,991,20.006838546445
aarq,ackley,30,0,10,1090,20.006838546445
aarq,ackley,30,0,11,1189,20.006838546445
aarq,ackley,30,0,12,1288,19.652584469703
aarq,ackley,30,0,13,1387,19.652584469703
aarq,ackley,30,0,14,1486,19.504852745399
aarq,ackley,30,0,15,1585,19.465315714247
aarq,ackley,30,0,16,1684,18.90121086087
aarq,ackley,30,0,17,1783,18.90121086087
aarq,ackley,30,0,18,1882,18.860542699181
aarq,ackley,30,0,19,1981,18.244512812839
aarq,ackley,30,0,20,2080,18.244512812839
aarq,ackley,30,0,21,2179,18.244512812839
aarq,ackley,30,0,22,2278,17.806503428667
aarq,ackley,30,0,23,2377,17.565800248949
aarq,ackley,30,0,24,2476,16.397517209542
aarq,ackley,30,0,25,2575,16.397517209542
aarq,ackley,30,0,26,2674,16.397517209542
aarq,ackley,30,0,27,2773,16.397517209542
aarq,ackley,30,0,28,2872,15.877808192948
aarq,ackley,30,0,29,2971,15.877808192948
aarq,ackley,30,0,30,3070,14.846956273176
aarq,ackley,30,0,31,3169,14.327845631712
aarq,ackley,30,0,32,3268,13.272525604198
aarq,ackley,30,0,33,3367,13.272525604198
aarq,ackley,30,0,34,3466,13.272525604198
aarq,ackley,30,0,35,3565,12.977443686405
aarq,ackley,30,0,36,3664,12.977443686405
aarq,ackley,30,0,37,3763,12.20485803194
aarq,ackley,30,0,38,3862,11.449381728896
aarq,ackley,30,0,39,3961,11.449381728896
aarq,ackley,30,0,40,4060,10.884015425427
aarq,ackley,30,0,41,4159,9.919805112734
aarq,ackley,30,0,42,4258,9.87883713273
aarq,ackley,30,0,43,4357,9.791521943255
aarq,ackley,30,0,44,4456,9.267082112509
aarq,ackley,30,0,45,4555,8.93072528917
aarq,ackley,30,0,46,4654,8.536427771496
aarq,ackley,30,0,47,4753,8.125814774839
aarq,ackley,30,0,48,4852,8.125814774839
aarq,ackley,30,0,49,4951,7.506818512626
aarq,ackley,30,0,50,5050,7.379365958934
aarq,ackley,30,0,51,5149,6.6097306847
aarq,ackley,30,0,52,5248,6.6097306847
aarq,ackley,30,0,53,5347,6.6097306847
aarq,ackley,30,0,54,5446,5.770057137882
aarq,ackley,30,0,55,5545,5.560943018143
aarq,ackley,30,0,56,5644,5.560943018143
aarq,ackley,30,0,57,5743,5.12801033912
aarq,ackley,30,0,58,5842,5.028215717315
aarq,ackley,30,0,59,5941,4.881132602449
aarq,ackley,30,0,60,6040,4.449663355541
aarq,ackley,30,0,61,6139,4.449663355541
aarq,ackley,30,0,62,6238,4.246624561229
aarq,ackley,30,0,63,6337,4.039485334545
aarq,ackley,30,0,64,6436,3.579066334714
aarq,ackley,30,0,65,6535,3.527548805666
aarq,ackley,30,0,66,6634,3.264706587845
aarq,ackley,30,0,67,6733,3.264706587845
aarq,ackley,30,0,68,6832,3.088416661208
aarq,ackley,30,0,69,6931,3.082449522917
aarq,ackley,30,0,70,7030,3.082449522917
aarq,ackley,30,0,71,7129,2.733418460294
aarq,ackley,30,0,72,7228,2.733418460294
aarq,ackley,30,0,73,7327,2.130971996958
aarq,ackley,30,0,74,7426,2.130971996958
aarq,ackley,30,0,75,7525,2.130971996958
aarq,ackley,30,0,76,7624,2.130971996958
aarq,ackley,30,0,77,7723,1.986322604442
aarq,ackley,30,0,78,7822,1.986322604442
aarq,ackley,30,0,79,7921,1.882494021435
aarq,ackley,30,0,80,8020,1.779302167168
aarq,ackley,30,0,81,8119,1.748115053539
aarq,ackley,30,0,82,8218,1.429854790785
aarq,ackley,30,0,83,8317,1.429854790785
aarq,ackley,30,0,84,8416,1.360903967691
aarq,ackley,30,0,85,8515,0.981429012684
aarq,ackley,30,0,86,8614,0.974586026058
aarq,ackley,30,0,87,8713,0.904962382951
aarq,ackley,30,0,88,8812,0.904012700762
aarq,ackley,30,0,89,8911,0.524373547533
aarq,ackley,30,0,90,9010,0.524373547533
aarq,ackley,30,0,91,9109,0.524373547533
aarq,ackley,30,0,92,9208,0.524373547533
aarq,ackley,30,0,93,9307,0.515708871619
aarq,ackley,30,0,94,9406,0.390243652024
aarq,ackley,30,0,95,9505,0.354424974495
aarq,ackley,30,0,96,9604,0.282608375707
aarq,ackley,30,0,97,9703,0.282608375707
aarq,ackley,30,0,98,9802,0.282608375707
aarq,ackley,30,0,99,9901,0.258713246404
aarq,ackley,30,0,100,10000,0.233906677043
aarq,ackley,30,0,101,10099,0.220913998774
aarq,ackley,30,0,102,10198,0.20049679061
aarq,ackley,30,0,103,10297,0.142093031994
aarq,ackley,30,0,104,10396,0.142093031994
aarq,ackley,30,0,105,10495,0.131834455981
aarq,ackley,30,0,106,10594,0.127619124147
aarq,ackley,30,0,107,10693,0.105847167815
aarq,ackley,30,0,108,10792,0.10367935821
aarq,ackley,30,0,109,10891,0.10367935821
aarq,ackley,30,0,110,10990,0.095991769325
aarq,ackley,30,0,111,11089,0.078972406963
aarq,ackley,30,0,112,11188,0.078972406963
aarq,ackley,30,0,113,11287,0.068221539491
aarq,ackley,30,0,114,11386,0.064893581462
aarq,ackley,30,0,115,11485,0.053587084069
aarq,ackley,30,0,116,11584,0.053587084069
aarq,ackley,30,0,117,11683,0.047727415869
aarq,ackley,30,0,118,11782,0.046303188963
aarq,ackley,30,0,119,11881,0.046303188963
aarq,ackley,30,0,120,11980,0.036938718122
aarq,ackley,30,0,121,12079,0.036938718122
aarq,ackley,30,0,122,12178,0.032420139209
aarq,ackley,30,0,123,12277,0.032420139209
aarq,ackley,30,0,124,12376,0.030427405207
aarq,ackley,30,0,125,12475,0.028515284274
aarq,ackley,30,0,126,12574,0.021522320261
aarq,ackley,30,0,127,12673,0.021340953009
aarq,ackley,30,0,128,12772,0.021340953009
aarq,ackley,30,0,129,12871,0.018499578212
aarq,ackley,30,0,130,12970,0.017521443231
aarq,ackley,30,0,131,13069,0.017502839305
aarq,ackley,30,0,132,13168,0.016344247265
aarq,ackley,30,0,133,13267,0.014030778204
aarq,ackley,30,0,134,13366,0.013537176934
aarq,ackley,30,0,135,13465,0.012719655972
aarq,ackley,30,0,136,13564,0.011730705792
aarq,ackley,30,0,137,13663,0.011249076525
aarq,ackley,30,0,138,13762,0.009461829706
aarq,ackley,30,0,139,13861,0.008465572632
aarq,ackley,30,0,140,13960,0.008420917522
aarq,ackley,30,0,141,14059,0.00812578587
aarq,ackley,30,0,142,14158,0.007383543712
aarq,ackley,30,0,143,14257,0.00617177946
aarq,ackley,30,0,144,14356,0.005912357418
aarq,ackley,30,0,145,14455,0.005681107538
aarq,ackley,30,0,146,14554,0.004998167915
aarq,ackley,30,0,147,14653,0.004672297643
aarq,ackley,30,0,148,14752,0.004375751328
aarq,ackley,30,0,149,14851,0.003891760619
aarq,ackley,30,0,150,14950,0.003384110759
aarq,ackley,30,0,151,15049,0.003384110759
aarq,ackley,30,0,152,15148,0.003384110759
aarq,ackley,30,0,153,15247,0.002389280652
aarq,ackley,30,0,154,15346,0.002389280652
aarq,ackley,30,0,155,15445,0.002389280652
aarq,ackley,30,0,156,15544,0.002389280652
aarq,ackley,30,0,157,15643,0.002294966374
aarq,ackley,30,0,158,15742,0.002153843492
aarq,ackley,30,0,159,15841,0.002099376805
aarq,ackley,30,0,160,15940,0.001850422763
aarq,ackley,30,0,161,16039,0.001677824146
aarq,ackley,30,0,162,16138,0.001611875944
aarq,ackley,30,0,163,16237,0.001365620924
aarq,ackley,30,0,164,16336,0.001365620924
aarq,ackley,30,0,165,16435,0.001353305933
aarq,ackley,30,0,166,16534,0.001234775399
aarq,ackley,30,0,167,16633,0.00117656374
aarq,ackley,30,0,168,16732,0.001042970754
aarq,ackley,30,0,169,16831,0.001042970754
aarq,ackley,30,0,170,16930,0.000918375062
aarq,ackley,30,0,171,17029,0.000898366858
aarq,ackley,30,0,172,17128,0.000847247261
aarq,ackley,30,0,173,17227,0.000807750266
aarq,ackley,30,0,174,17326,0.000725833442
aarq,ackley,30,0,175,17425,0.000692531484
aarq,ackley,30,0,176,17524,0.000605527416
aarq,ackley,30,0,177,17623,0.000605527416
aarq,ackley,30,0,178,17722,0.000574101722
aarq,ackley,30,0,179,17821,0.000519704856
aarq,ackley,30,0,180,17920,0.000479806303
aarq,ackley,30,0,181,18019,0.00043595616
aarq,ackley,30,0,182,18118,0.000386722602
aarq,ackley,30,0,183,18217,0.000386273666
aarq,ackley,30,0,184,18316,0.000375575886
aarq,ackley,30,0,185,18415,0.000361669742
aarq,ackley,30,0,186,18514,0.000306693962
aarq,ackley,30,0,187,18613,0.000300694584
aarq,ackley,30,0,188,18712,0.000285778224
aarq,ackley,30,0,189,18811,0.000221732698
aarq,ackley,30,0,190,18910,0.000217093967
aarq,ackley,30,0,191,19009,0.000205082742
aarq,ackley,30,0,192,19108,0.000195149236
aarq,ackley,30,0,193,19207,0.000176912065
aarq,ackley,30,0,194,19306,0.000166637378
aarq,ackley,30,0,195,19405,0.000141918514
aarq,ackley,30,0,196,19504,0.000136447066
aarq,ackley,30,0,197,19603,0.000117052933
aarq,ackley,30,0,198,19702,0.000109252503
aarq,ackley,30,0,199,19801,0.000109252503
aarq,ackley,30,0,200,19900,9.9827952e-05
aarq,ackley,30,0,201,19999,9.7483147e-05
aarq,ackley,30,0,202,20098,9.3622223e-05
aarq,ackley,30,0,203,20197,8.5694278e-05
aarq,ackley,30,0,204,20296,7.7419412e-05
aarq,ackley,30,0,205,20395,7.7419412e-05
aarq,ackley,30,0,206,20494,7.1974503e-05
aarq,ackley,30,0,207,20593,6.4379159e-05
aarq,ackley,30,0,208,20692,6.2168615e-05
aarq,ackley,30,0,209,20791,5.7686381e-05
aarq,ackley,30,0,210,20890,5.6351741e-05
aarq,ackley,30,0,211,20989,5.2165572e-05
aarq,ackley,30,0,212,21088,5.2165572e-05
aarq,ackley,30,0,213,21187,4.8277467e-05
aarq,ackley,30,0,214,21286,4.5945896e-05
aarq,ackley,30,0,215,21385,4.2614959e-05
aarq,ackley,30,0,216,21484,3.9133501e-05
aarq,ackley,30,0,217,21583,3.5898854e-05
aarq,ackley,30,0,218,21682,3.5455187e-05
aarq,ackley,30,0,219,21781,3.2781181e-05
aarq,ackley,30,0,220,21880,3.1496182e-05
aarq,ackley,30,0,221,21979,2.4754275e-05
aarq,ackley,30,0,222,22078,2.4754275e-05
aarq,ackley,30,0,223,22177,2.4754275e-05
aarq,ackley,30,0,224,22276,2.2891705e-05
aarq,ackley,30,0,225,22375,2.1554379e-05
aarq,ackley,30,0,226,22474,2.1495201e-05
aarq,ackley,30,0,227,22573,1.7721411e-05
aarq,ackley,30,0,228,22672,1.7721411e-05
aarq,ackley,30,0,229,22771,1.6629932e-05
aarq,ackley,30,0,230,22870,1.5403775e-05
aarq,ackley,30,0,231,22969,1.4554638e-05
aarq,ackley,30,0,232,23068,1.4340724e-05
aarq,ackley,30,0,233,23167,1.3274253e-05
aarq,ackley,30,0,234,23266,1.2007066e-05
aarq,ackley,30,0,235,23365,1.1553275e-05
aarq,ackley,30,0,236,23464,9.429446e-06
aarq,ackley,30,0,237,23563,9.429446e-06
aarq,ackley,30,0,238,23662,8.794999e-06
aarq,ackley,30,0,239,23761,8.16718e-06
aarq,ackley,30,0,240,23860,8.16718e-06
aarq,ackley,30,0,241,23959,7.669199e-06
aarq,ackley,30,0,242,24058,7.375013e-06
aarq,ackley,30,0,243,24157,6.764364e-06
aarq,ackley,30,0,244,24256,6.61097e-06
aarq,ackley,30,0,245,24355,5.795263e-06
aarq,ackley,30,0,246,24454,5.795263e-06
aarq,ackley,30,0,247,24553,5.414525e-06
aarq,ackley,30,0,248,24652,5.298591e-06
aarq,ackley,30,0,249,24751,4.876897e-06
aarq,ackley,30,0,250,24850,4.41177e-06
aarq,ackley,30,0,251,24949,4.199332e-06
aarq,ackley,30,0,252,25048,3.725773e-06
aarq,ackley,30,0,253,25147,3.725773e-06
aarq,ackley,30,0,254,25246,3.550079e-06
aarq,ackley,30,0,255,25345,3.412283e-06
aarq,ackley,30,0,256,25444,2.675078e-06
aarq,ackley,30,0,257,25543,2.553863e-06
aarq,ackley,30,0,258,25642,2.257345e-06
aarq,ackley,30,0,259,25741,2.204732e-06
aarq,ackley,30,0,260,25840,1.922223e-06
aarq,ackley,30,0,261,25939,1.666751e-06
aarq,ackley,30,0,262,26038,1.666751e-06
aarq,ackley,30,0,263,26137,1.505492e-06
aarq,ackley,30,0,264,26236,1.505492e-06
aarq,ackley,30,0,265,26335,1.411514e-06
aarq,ackley,30,0,266,26434,1.31433e-06
aarq,ackley,30,0,267,26533,1.024254e-06
aarq,ackley,30,0,268,26632,1.010113e-06
aarq,ackley,30,0,269,26731,1.010113e-06
aarq,ackley,30,0,270,26830,9.16009e-07
aarq,ackley,30,0,271,26929,9.16009e-07
aarq,ackley,30,0,272,27028,8.78688e-07
aarq,ackley,30,0,273,27127,8.0788e-07
aarq,ackley,30,0,274,27226,7.37246e-07
aarq,ackley,30,0,275,27325,7.12237e-07
aarq,ackley,30,0,276,27424,6.15057e-07
aarq,ackley,30,0,277,27523,6.07276e-07
aarq,ackley,30,0,278,27622,6.07276e-07
aarq,ackley,30,0,279,27721,4.71331e-07
aarq,ackley,30,0,280,27820,4.71331e-07
aarq,ackley,30,0,281,27919,4.6638e-07
aarq,ackley,30,0,282,28018,4.41272e-07
aarq,ackley,30,0,283,28117,3.75266e-07
aarq,ackley,30,0,284,28216,3.71123e-07
aarq,ackley,30,0,285,28315,3.6891e-07
aarq,ackley,30,0,286,28414,3.23643e-07
aarq,ackley,30,0,287,28513,2.96854e-07
aarq,ackley,30,0,288,28612,2.69034e-07
aarq,ackley,30,0,289,28711,2.4779e-07
aarq,ackley,30,0,290,28810,2.24758e-07
aarq,ackley,30,0,291,28909,2.12212e-07
aarq,ackley,30,0,292,29008,2.12212e-07
aarq,ackley,30,0,293,29107,1.86072e-07
aarq,ackley,30,0,294,29206,1.82135e-07
aarq,ackley,30,0,295,29305,1.73228e-07
aarq,ackley,30,0,296,29404,1.68612e-07
aarq,ackley,30,0,297,29503,1.22165e-07
aarq,ackley,30,0,298,29602,1.20401e-07
aarq,ackley,30,0,299,29701,1.20401e-07
aarq,ackley,30,0,300,29800,1.18278e-07
aarq,ackley,30,0,301,29899,1.09964e-07
aarq,ackley,30,0,302,29998,9.3428e-08
aarq,ackley,30,0,303,30097,9.3428e-08
aarq,ackley,30,0,304,30196,8.6753e-08
aarq,ackley,30,0,305,30295,8.6411e-08
aarq,ackley,30,0,306,30394,8.5635e-08
aarq,ackley,30,0,307,30493,7.0019e-08
aarq,ackley,30,0,308,30592,7.0019e-08
aarq,ackley,30,0,309,30691,6.2339e-08
aarq,ackley,30,0,310,30790,5.548e-08
aarq,ackley,30,0,311,30889,5.548e-08
aarq,ackley,30,0,312,30988,5.2675e-08
aarq,ackley,30,0,313,31087,4.7839e-08
aarq,ackley,30,0,314,31186,4.3646e-08
aarq,ackley,30,0,315,31285,4.1532e-08
aarq,ackley,30,0,316,31384,3.925e-08
aarq,ackley,30,0,317,31483,3.2798e-08
aarq,ackley,30,0,318,31582,3.2798e-08
aarq,ackley,30,0,319,31681,2.6266e-08
aarq,ackley,30,0,320,31780,2.6266e-08
aarq,ackley,30,0,321,31879,2.5212e-08
aarq,ackley,30,0,322,31978,2.3615e-08
aarq,ackley,30,0,323,32077,2.1662e-08
aarq,ackley,30,0,324,32176,2.0085e-08
aarq,ackley,30,0,325,32275,1.7421e-08
aarq,ackley,30,0,326,32374,1.7421e-08
aarq,ackley,30,0,327,32473,1.4928e-08
aarq,ackley,30,0,328,32572,1.4658e-08
aarq,ackley,30,0,329,32671,1.2894e-08
aarq,ackley,30,0,330,32770,1.276e-08
aarq,ackley,30,0,331,32869,1.2196e-08
aarq,ackley,30,0,332,32968,1.0172e-08
aarq,ackley,30,0,333,33067,9.644e-09
aarq,ackley,30,0,334,33166,9.502e-09
aarq,ackley,30,0,335,33265,8.125e-09
aarq,ackley,30,0,336,33364,6.822e-09
aarq,ackley,30,0,337,33463,6.822e-09
aarq,ackley,30,0,338,33562,6.568e-09
aarq,ackley,30,0,339,33661,5.417e-09
aarq,ackley,30,0,340,33760,5.417e-09
aarq,ackley,30,0,341,33859,5.03e-09
aarq,ackley,30,0,342,33958,5.03e-09
aarq,ackley,30,0,343,34057,4.895e-09
aarq,ackley,30,0,344,34156,4.344e-09
aarq,ackley,30,0,345,34255,4.02e-09
aarq,ackley,30,0,346,34354,3.931e-09
aarq,ackley,30,0,347,34453,3.215e-09
aarq,ackley,30,0,348,34552,3.215e-09
aarq,ackley,30,0,349,34651,3.215e-09
aarq,ackley,30,0,350,34750,2.999e-09
aarq,ackley,30,0,351,34849,2.422e-09
aarq,ackley,30,0,352,34948,2.422e-09
aarq,ackley,30,0,353,35047,2.422e-09
aarq,ackley,30,0,354,35146,2.422e-09
aarq,ackley,30,0,355,35245,2.066e-09
aarq,ackley,30,0,356,35344,2.066e-09
aarq,ackley,30,0,357,35443,1.778e-09
aarq,ackley,30,0,358,35542,1.706e-09
aarq,ackley,30,0,359,35641,1.52e-09
aarq,ackley,30,0,360,35740,1.395e-09
aarq,ackley,30,0,361,35839,1.285e-09
aarq,ackley,30,0,362,35938,1.016e-09
aarq,ackley,30,0,363,36037,1.016e-09
aarq,ackley,30,0,364,36136,1.016e-09
aarq,ackley,30,0,365,36235,9.02e-10
aarq,ackley,30,0,366,36334,8.68e-10
aarq,ackley,30,0,367,36433,8.68e-10
aarq,ackley,30,0,368,36532,7.48e-10
aarq,ackley,30,0,369,36631,7.14e-10
aarq,ackley,30,0,370,36730,5.95e-10
aarq,ackley,30,0,371,36829,5.95e-10
aarq,ackley,30,0,372,36928,5.86e-10
aarq,ackley,30,0,373,37027,5.14e-10
aarq,ackley,30,0,374,37126,4.73e-10
aarq,ackley,30,0,375,37225,4.3e-10
aarq,ackley,30,0,376,37324,3.9e-10
aarq,ackley,30,0,377,37423,3.75e-10
aarq,ackley,30,0,378,37522,3.47e-10
aarq,ackley,30,0,379,37621,3.38e-10
aarq,ackley,30,0,380,37720,2.63e-10
aarq,ackley,30,0,381,37819,2.63e-10
aarq,ackley,30,0,382,37918,2.34e-10
aarq,ackley,30,0,383,38017,2.34e-10
aarq,ackley,30,0,384,38116,2.12e-10
aarq,ackley,30,0,385,38215,1.79e-10
aarq,ackley,30,0,386,38314,1.79e-10
aarq,ackley,30,0,387,38413,1.63e-10
aarq,ackley,30,0,388,38512,1.51e-10
aarq,ackley,30,0,389,38611,1.42e-10
aarq,ackley,30,0,390,38710,1.23e-10
aarq,ackley,30,0,391,38809,1.19e-10
aarq,ackley,30,0,392,38908,9.5e-11
aarq,ackley,30,0,393,39007,8.9e-11
aarq,ackley,30,0,394,39106,8.8e-11
aarq,ackley,30,0,395,39205,7.9e-11
aarq,ackley,30,0,396,39304,7e-11
aarq,ackley,30,0,397,39403,6.6e-11
aarq,ackley,30,0,398,39502,6.6e-11
aarq,ackley,30,0,399,39601,5.2e-11
aarq,ackley,30,0,400,39700,4.6e-11
aarq,ackley,30,0,401,39799,4.6e-11
aarq,ackley,30,0,402,39898,4.1e-11
aarq,ackley,30,0,403,39997,4.1e-11
aarq,ackley,30,0,404,40096,3.7e-11
aarq,ackley,30,0,405,40195,3.7e-11
aarq,ackley,30,0,406,40294,3.4e-11
aarq,ackley,30,0,407,40393,3.3e-11
aarq,ackley,30,0,408,40492,3e-11
aarq,ackley,30,0,409,40591,2.7e-11
aarq,ackley,30,0,410,40690,2.3e-11
aarq,ackley,30,0,411,40789,2.3e-11
aarq,ackley,30,0,412,40888,2.1e-11
aarq,ackley,30,0,413,40987,1.8e-11
aarq,ackley,30,0,414,41086,1.8e-11
aarq,ackley,30,0,415,41185,1.6e-11
aarq,ackley,30,0,416,41284,1.3e-11
aarq,ackley,30,0,417,41383,1.3e-11
aarq,ackley,30,0,418,41482,1.3e-11
aarq,ackley,30,0,419,41581,1.1e-11
aarq,ackley,30,0,420,41680,1.1e-11
aarq,ackley,30,0,421,41779,1.1e-11
aarq,ackley,30,0,422,41878,1.1e-11
aarq,ackley,30,0,423,41977,1e-11
aarq,ackley,30,0,424,42076,8e-12
aarq,ackley,30,0,425,42175,8e-12
aarq,ackley,30,0,426,42274,8e-12
aarq,ackley,30,0,427,42373,7e-12
aarq,ackley,30,0,428,42472,7e-12
aarq,ackley,30,0,429,42571,6e-12
aarq,ackley,30,0,430,42670,6e-12
aarq,ackley,30,0,431,42769,6e-12
aarq,ackley,30,0,432,42868,6e-12
aarq,ackley,30,0,433,42967,5e-12
aarq,ackley,30,0,434,43066,4e-12
aarq,ackley,30,0,435,43165,4e-12
aarq,ackley,30,0,436,43264,4e-12
aarq,ackley,30,0,437,43363,3e-12
aarq,ackley,30,0,438,43462,3e-12
aarq,ackley,30,0,439,43561,3e-12
aarq,ackley,30,0,440,43660,2e-12
aarq,ackley,30,0,441,43759,2e-12
aarq,ackley,30,0,442,43858,2e-12
aarq,ackley,30,0,443,43957,2e-12
aarq,ackley,30,0,444,44056,2e-12
aarq,ackley,30,0,445,44155,2e-12
aarq,ackley,30,0,446,44254,2e-12
aarq,ackley,30,0,447,44353,2e-12
aarq,ackley,30,0,448,44452,2e-12
aarq,ackley,30,0,449,44551,1e-12
aarq,ackley,30,0,450,44650,1e-12
aarq,ackley,30,0,451,44749,1e-12
aarq,ackley,30,0,452,44848,1e-12
aarq,ackley,30,0,453,44947,1e-12
aarq,ackley,30,0,454,45046,1e-12
aarq,ackley,30,0,455,45145,1e-12
aarq,ackley,30,0,456,45244,1e-12
aarq,ackley,30,0,457,45343,1e-12
aarq,ackley,30,0,458,45442,1e-12
aarq,ackley,30,0,459,45541,1e-12
aarq,ackley,30,0,460,45640,1e-12
aarq,ackley,30,0,461,45739,1e-12
aarq,ackley,30,0,462,45838,1e-12
aarq,ackley,30,0,463,45937,1e-12
aarq,ackley,30,0,464,46036,1e-12
aarq,ackley,30,0,465,46135,1e-12
aarq,ackley,30,0,466,46234,1e-12
aarq,ackley,30,0,467,46333,1e-12
aarq,ackley,30,0,468,46432,1e-12
aarq,ackley,30,0,469,46531,1e-12
aarq,ackley,30,0,470,46630,1e-12
aarq,ackley,30,0,471,46729,1e-12
aarq,ackley,30,0,472,46828,1e-12
aarq,ackley,30,0,473,46927,1e-12
aarq,ackley,30,0,474,47026,1e-12
aarq,ackley,30,0,475,47125,1e-12
aarq,ackley,30,0,476,47224,1e-12
aarq,ackley,30,0,477,47323,1e-12
aarq,ackley,30,0,478,47422,1e-12
aarq,ackley,30,0,479,47521,1e-12
aarq,ackley,30,0,480,47620,1e-12
aarq,ackley,30,0,481,47719,1e-12
aarq,ackley,30,0,482,47818,1e-12
aarq,ackley,30,0,483,47917,1e-12
aarq,ackley,30,0,484,48016,1e-12
aarq,ackley,30,0,485,48115,1e-12
aarq,ackley,30,0,486,48214,1e-12
aarq,ackley,30,0,487,48313,1e-12
aarq,ackley,30,0,488,48412,1e-12
aarq,ackley,30,0,489,48511,1e-12
aarq,ackley,30,0,490,48610,0
aarq,ackley,30,0,491,48709,0
aarq,ackley,30,0,492,48808,0
aarq,ackley,30,0,493,48907,0
aarq,ackley,30,0,494,49006,0
aarq,ackley,30,0,495,49105,0
aarq,ackley,30,0,496,49204,0
aarq,ackley,30,0,497,49303,0
aarq,ackley,30,0,498,49402,0
aarq,ackley,30,0,499,49501,0
aarq,ackley,30,0,500,49600,0
aarq,ackley,30,0,501,49699,0
aarq,ackley,30,0,502,49798,0
aarq,ackley,30,0,503,49897,0
aarq,ackley,30,0,504,49996,0
aarq,ackley,30,0,505,50095,0
aarq,ackley,30,0,506,50194,0
aarq,ackley,30,0,507,50293,0
aarq,ackley,30,0,508,50392,0
aarq,ackley,30,0,509,50491,0
aarq,ackley,30,0,510,50590,0
aarq,ackley,30,0,511,50689,0
aarq,ackley,30,0,512,50788,0
aarq,ackley,30,0,513,50887,0
aarq,ackley,30,0,514,50986,0
aarq,ackley,30,0,515,51085,0
aarq,ackley,30,0,516,51184,0
aarq,ackley,30,0,517,51283,0
aarq,ackley,30,0,518,51382,0
aarq,ackley,30,0,519,51481,0
aarq,ackley,30,0,520,51580,0
aarq,ackley,30,0,521,51679,0
aarq,ackley,30,0,522,51778,0
aarq,ackley,30,0,523,51877,0
aarq,ackley,30,0,524,51976,0
aarq,ackley,30,0,525,52075,0
aarq,ackley,30,0,526,52174,0
aarq,ackley,30,0,527,52273,0
aarq,ackley,30,0,528,52372,0
aarq,ackley,30,0,529,52471,0
aarq,ackley,30,0,530,52570,0
aarq,ackley,30,0,531,52669,0
aarq,ackley,30,0,532,52768,0
aarq,ackley,30,0,533,52867,0
aarq,ackley,30,0,534,52966,0
aarq,ackley,30,0,535,53065,0
aarq,ackley,30,0,536,53164,0
aarq,ackley,30,0,537,53263,0
aarq,ackley,30,0,538,53362,0
aarq,ackley,30,0,539,53461,0
aarq,ackley,30,0,540,53560,0
aarq,ackley,30,0,541,53659,0
aarq,ackley,30,0,542,53758,0
aarq,ackley,30,0,543,53857,0
aarq,ackley,30,0,544,53956,0
aarq,ackley,30,0,545,54055,0
aarq,ackley,30,0,546,54154,0
aarq,ackley,30,0,547,54253,0
aarq,ackley,30,0,548,54352,0
aarq,ackley,30,0,549,54451,0
aarq,ackley,30,0,550,54550,0
aarq,ackley,30,0,551,54649,0
aarq,ackley,30,0,552,54748,0
aarq,ackley,30,0,553,54847,0
aarq,ackley,30,0,554,54946,0
aarq,ackley,30,0,555,55045,0
aarq,ackley,30,0,556,55144,0
aarq,ackley,30,0,557,55243,0
aarq,ackley,30,0,558,55342,0
aarq,ackley,30,0,559,55441,0
aarq,ackley,30,0,560,55540,0
aarq,ackley,30,0,561,55639,0
aarq,ackley,30,0,562,55738,0
aarq,ackley,30,0,563,55837,0
aarq,ackley,30,0,564,55936,0
aarq,ackley,30,0,565,56035,0
aarq,ackley,30,0,566,56134,0
aarq,ackley,30,0,567,56233,0
aarq,ackley,30,0,568,56332,0
aarq,ackley,30,0,569,56431,0
aarq,ackley,30,0,570,56530,0
aarq,ackley,30,0,571,56629,0
aarq,ackley,30,0,572,56728,0
aarq,ackley,30,0,573,56827,0
aarq,ackley,30,0,574,56926,0
aarq,ackley,30,0,575,57025,0
aarq,ackley,30,0,576,57124,0
aarq,ackley,30,0,577,57223,0
aarq,ackley,30,0,578,57322,0
aarq,ackley,30,0,579,57421,0
aarq,ackley,30,0,580,57520,0
aarq,ackley,30,0,581,57619,0
aarq,ackley,30,0,582,57718,0
aarq,ackley,30,0,583,57817,0
aarq,ackley,30,0,584,57916,0
aarq,ackley,30,0,585,58015,0
aarq,ackley,30,0,586,58114,0
aarq,ackley,30,0,587,58213,0
aarq,ackley,30,0,588,58312,0
aarq,ackley,30,0,589,58411,0
aarq,ackley,30,0,590,58510,0
aarq,ackley,30,0,591,58609,0
aarq,ackley,30,0,592,58708,0
aarq,ackley,30,0,593,58807,0
aarq,ackley,30,0,594,58906,0
aarq,ackley,30,0,595,59005,0
aarq,ackley,30,0,596,59104,0
aarq,ackley,30,0,597,59203,0
aarq,ackley,30,0,598,59302,0
aarq,ackley,30,0,599,59401,0
aarq,ackley,30,0,600,59500,0
aarq,ackley,30,0,601,59599,0
aarq,ackley,30,0,602,59698,0
aarq,ackley,30,0,603,59797,0
aarq,ackley,30,0,604,59896,0
aarq,ackley,30,0,605,59995,0
aarq,ackley,30,0,606,60094,0
aarq,ackley,30,0,607,60193,0
aarq,ackley,30,0,608,60292,0
aarq,ackley,30,0,609,60391,0
aarq,ackley,30,0,610,60490,0
aarq,ackley,30,0,611,60589,0
aarq,ackley,30,0,612,60688,0
aarq,ackley,30,0,613,60787,0
aarq,ackley,30,0,614,60886,0
aarq,ackley,30,0,615,60985,0
aarq,ackley,30,0,616,61084,0
aarq,ackley,30,0,617,61183,0
aarq,ackley,30,0,618,61282,0
aarq,ackley,30,0,619,61381,0
aarq,ackley,30,0,620,61480,0
aarq,ackley,30,0,621,61579,0
aarq,ackley,30,0,622,61678,0
aarq,ackley,30,0,623,61777,0
aarq,ackley,30,0,624,61876,0
aarq,ackley,30,0,625,61975,0
aarq,ackley,30,0,626,62074,0
aarq,ackley,30,0,627,62173,0
aarq,ackley,30,0,628,62272,0
aarq,ackley,30,0,629,62371,0
aarq,ackley,30,0,630,62470,0
aarq,ackley,30,0,631,62569,0
aarq,ackley,30,0,632,62668,0
aarq,ackley,30,0,633,62767,0
aarq,ackley,30,0,634,62866,0
aarq,ackley,30,0,635,62965,0
aarq,ackley,30,0,636,63064,0
aarq,ackley,30,0,637,63163,0
aarq,ackley,30,0,638,63262,0
aarq,ackley,30,0,639,63361,0
aarq,ackley,30,0,640,63460,0
aarq,ackley,30,0,641,63559,0
aarq,ackley,30,0,642,63658,0
aarq,ackley,30,0,643,63757,0
aarq,ackley,30,0,644,63856,0
aarq,ackley,30,0,645,63955,0
aarq,ackley,30,0,646,64054,0
aarq,ackley,30,0,647,64153,0
aarq,ackley,30,0,648,64252,0
aarq,ackley,30,0,649,64351,0
aarq,ackley,30,0,650,64450,0
aarq,ackley,30,0,651,64549,0
aarq,ackley,30,0,652,64648,0
aarq,ackley,30,0,653,64747,0
aarq,ackley,30,0,654,64846,0
aarq,ackley,30,0,655,64945,0
aarq,ackley,30,0,656,65044,0
aarq,ackley,30,0,657,65143,0
aarq,ackley,30,0,658,65242,0
aarq,ackley,30,0,659,65341,0
aarq,ackley,30,0,660,65440,0
aarq,ackley,30,0,661,65539,0
aarq,ackley,30,0,662,65638,0
aarq,ackley,30,0,663,65737,0
aarq,ackley,30,0,664,65836,0
aarq,ackley,30,0,665,65935,0
aarq,ackley,30,0,666,66034,0
aarq,ackley,30,0,667,66133,0
aarq,ackley,30,0,668,66232,0
aarq,ackley,30,0,669,66331,0
aarq,ackley,30,0,670,66430,0
aarq,ackley,30,0,671,66529,0
aarq,ackley,30,0,672,66628,0
aarq,ackley,30,0,673,66727,0
aarq,ackley,30,0,674,66826,0
aarq,ackley,30,0,675,66925,0
aarq,ackley,30,0,676,67024,0
aarq,ackley,30,0,677,67123,0
aarq,ackley,30,0,678,67222,0
aarq,ackley,30,0,679,67321,0
aarq,ackley,30,0,680,67420,0
aarq,ackley,30,0,681,67519,0
aarq,ackley,30,0,682,67618,0
aarq,ackley,30,0,683,67717,0
aarq,ackley,30,0,684,67816,0
aarq,ackley,30,0,685,67915,0
aarq,ackley,30,0,686,68014,0
aarq,ackley,30,0,687,68113,0
aarq,ackley,30,0,688,68212,0
aarq,ackley,30,0,689,68311,0
aarq,ackley,30,0,690,68410,0
aarq,ackley,30,0,691,68509,0
aarq,ackley,30,0,692,68608,0
aarq,ackley,30,0,693,68707,0
aarq,ackley,30,0,694,68806,0
aarq,ackley,30,0,695,68905,0
aarq,ackley,30,0,696,69004,0
aarq,ackley,30,0,697,69103,0
aarq,ackley,30,0,698,69202,0
aarq,ackley,30,0,699,69301,0
aarq,ackley,30,0,700,69400,0
aarq,ackley,30,0,701,69499,0
aarq,ackley,30,0,702,69598,0
aarq,ackley,30,0,703,69697,0
aarq,ackley,30,0,704,69796,0
aarq,ackley,30,0,705,69895,0
aarq,ackley,30,0,706,69994,0
aarq,ackley,30,0,707,70093,0
aarq,ackley,30,0,708,70192,0
aarq,ackley,30,0,709,70291,0
aarq,ackley,30,0,710,70390,0
aarq,ackley,30,0,711,70489,0
aarq,ackley,30,0,712,70588,0
aarq,ackley,30,0,713,70687,0
aarq,ackley,30,0,714,70786,0
aarq,ackley,30,0,715,70885,0
aarq,ackley,30,0,716,70984,0
aarq,ackley,30,0,717,71083,0
aarq,ackley,30,0,718,71182,0
aarq,ackley,30,0,719,71281,0
aarq,ackley,30,0,720,71380,0
aarq,ackley,30,0,721,71479,0
aarq,ackley,30,0,722,71578,0
aarq,ackley,30,0,723,71677,0
aarq,ackley,30,0,724,71776,0
aarq,ackley,30,0,725,71875,0
aarq,ackley,30,0,726,71974,0
aarq,ackley,30,0,727,72073,0
aarq,ackley,30,0,728,72172,0
aarq,ackley,30,0,729,72271,0
aarq,ackley,30,0,730,72370,0
aarq,ackley,30,0,731,72469,0
aarq,ackley,30,0,732,72568,0
aarq,ackley,30,0,733,72667,0
aarq,ackley,30,0,734,72766,0
aarq,ackley,30,0,735,72865,0
aarq,ackley,30,0,736,72964,0
aarq,ackley,30,0,737,73063,0
aarq,ackley,30,0,738,73162,0
aarq,ackley,30,0,739,73261,0
aarq,ackley,30,0,740,73360,0
aarq,ackley,30,0,741,73459,0
aarq,ackley,30,0,742,73558,0
aarq,ackley,30,0,743,73657,0
aarq,ackley,30,0,744,73756,0
aarq,ackley,30,0,745,73855,0
aarq,ackley,30,0,746,73954,0
aarq,ackley,30,0,747,74053,0
aarq,ackley,30,0,748,74152,0
aarq,ackley,30,0,749,74251,0
aarq,ackley,30,0,750,74350,0
aarq,ackley,30,0,751,74449,0
aarq,ackley,30,0,752,74548,0
aarq,ackley,30,0,753,74647,0
aarq,ackley,30,0,754,74746,0
aarq,ackley,30,0,755,74845,0
aarq,ackley,30,0,756,74944,0
aarq,ackley,30,0,757,75043,0
aarq,ackley,30,0,758,75142,0
aarq,ackley,30,0,759,75241,0
aarq,ackley,30,0,760,75340,0
aarq,ackley,30,0,761,75439,0
aarq,ackley,30,0,762,75538,0
aarq,ackley,30,0,763,75637,0
aarq,ackley,30,0,764,75736,0
aarq,ackley,30,0,765,75835,0
aarq,ackley,30,0,766,75934,0
aarq,ackley,30,0,767,76033,0
aarq,ackley,30,0,768,76132,0
aarq,ackley,30,0,769,76231,0
aarq,ackley,30,0,770,76330,0
aarq,ackley,30,0,771,76429,0
aarq,ackley,30,0,772,76528,0
aarq,ackley,30,0,773,76627,0
aarq,ackley,30,0,774,76726,0
aarq,ackley,30,0,775,76825,0
aarq,ackley,30,0,776,76924,0
aarq,ackley,30,0,777,77023,0
aarq,ackley,30,0,778,77122,0
aarq,ackley,30,0,779,77221,0
aarq,ackley,30,0,780,77320,0
aarq,ackley,30,0,781,77419,0
aarq,ackley,30,0,782,77518,0
aarq,ackley,30,0,783,77617,0
aarq,ackley,30,0,784,77716,0
aarq,ackley,30,0,785,77815,0
aarq,ackley,30,0,786,77914,0
aarq,ackley,30,0,787,78013,0
aarq,ackley,30,0,788,78112,0
aarq,ackley,30,0,789,78211,0
aarq,ackley,30,0,790,78310,0
aarq,ackley,30,0,791,78409,0
aarq,ackley,30,0,792,78508,0
aarq,ackley,30,0,793,78607,0
aarq,ackley,30,0,794,78706,0
aarq,ackley,30,0,795,78805,0
aarq,ackley,30,0,796,78904,0
aarq,ackley,30,0,797,79003,0
aarq,ackley,30,0,798,79102,0
aarq,ackley,30,0,799,79201,0
aarq,ackley,30,0,800,79300,0
aarq,ackley,30,0,801,79399,0
aarq,ackley,30,0,802,79498,0
aarq,ackley,30,0,803,79597,0
aarq,ackley,30,0,804,79696,0
aarq,ackley,30,0,805,79795,0
aarq,ackley,30,0,806,79894,0
aarq,ackley,30,0,807,79993,0
aarq,ackley,30,0,808,80092,0
aarq,ackley,30,0,809,80191,0
aarq,ackley,30,0,810,80290,0
aarq,ackley,30,0,811,80389,0
aarq,ackley,30,0,812,80488,0
aarq,ackley,30,0,813,80587,0
aarq,ackley,30,0,814,80686,0
aarq,ackley,30,0,815,80785,0
aarq,ackley,30,0,816,80884,0
aarq,ackley,30,0,817,80983,0
aarq,ackley,30,0,818,81082,0
aarq,ackley,30,0,819,81181,0
aarq,ackley,30,0,820,81280,0
aarq,ackley,30,0,821,81379,0
aarq,ackley,30,0,822,81478,0
aarq,ackley,30,0,823,81577,0
aarq,ackley,30,0,824,81676,0
aarq,ackley,30,0,825,81775,0
aarq,ackley,30,0,826,81874,0
aarq,ackley,30,0,827,81973,0
aarq,ackley,30,0,828,82072,0
aarq,ackley,30,0,829,82171,0
aarq,ackley,30,0,830,82270,0
aarq,ackley,30,0,831,82369,0
aarq,ackley,30,0,832,82468,0
aarq,ackley,30,0,833,82567,0
aarq,ackley,30,0,834,82666,0
aarq,ackley,30,0,835,82765,0
aarq,ackley,30,0,836,82864,0
aarq,ackley,30,0,837,82963,0
aarq,ackley,30,0,838,83062,0
aarq,ackley,30,0,839,83161,0
aarq,ackley,30,0,840,83260,0
aarq,ackley,30,0,841,83359,0
aarq,ackley,30,0,842,83458,0
aarq,ackley,30,0,843,83557,0
aarq,ackley,30,0,844,83656,0
aarq,ackley,30,0,845,83755,0
aarq,ackley,30,0,846,83854,0
aarq,ackley,30,0,847,83953,0
aarq,ackley,30,0,848,84052,0
aarq,ackley,30,0,849,84151,0
aarq,ackley,30,0,850,84250,0
aarq,ackley,30,0,851,84349,0
aarq,ackley,30,0,852,84448,0
aarq,ackley,30,0,853,84547,0
aarq,ackley,30,0,854,84646,0
aarq,ackley,30,0,855,84745,0
aarq,ackley,30,0,856,84844,0
aarq,ackley,30,0,857,84943,0
aarq,ackley,30,0,858,85042,0
aarq,ackley,30,0,859,85141,0
aarq,ackley,30,0,860,85240,0
aarq,ackley,30,0,861,85339,0
aarq,ackley,30,0,862,85438,0
aarq,ackley,30,0,863,85537,0
aarq,ackley,30,0,864,85636,0
aarq,ackley,30,0,865,85735,0
aarq,ackley,30,0,866,85834,0
aarq,ackley,30,0,867,85933,0
aarq,ackley,30,0,868,86032,0
aarq,ackley,30,0,869,86131,0
aarq,ackley,30,0,870,86230,0
aarq,ackley,30,0,871,86329,0
aarq,ackley,30,0,872,86428,0
aarq,ackley,30,0,873,86527,0
aarq,ackley,30,0,874,86626,0
aarq,ackley,30,0,875,86725,0
aarq,ackley,30,0,876,86824,0
aarq,ackley,30,0,877,86923,0
aarq,ackley,30,0,878,87022,0
aarq,ackley,30,0,879,87121,0
aarq,ackley,30,0,880,87220,0
aarq,ackley,30,0,881,87319,0
aarq,ackley,30,0,882,87418,0
aarq,ackley,30,0,883,87517,0
aarq,ackley,30,0,884,87616,0
aarq,ackley,30,0,885,87715,0
aarq,ackley,30,0,886,87814,0
aarq,ackley,30,0,887,87913,0
aarq,ackley,30,0,888,88012,0
aarq,ackley,30,0,889,88111,0
aarq,ackley,30,0,890,88210,0
aarq,ackley,30,0,891,88309,0
aarq,ackley,30,0,892,88408,0
aarq,ackley,30,0,893,88507,0
aarq,ackley,30,0,894,88606,0
aarq,ackley,30,0,895,88705,0
aarq,ackley,30,0,896,88804,0
aarq,ackley,30,0,897,88903,0
aarq,ackley,30,0,898,89002,0
aarq,ackley,30,0,899,89101,0
aarq,ackley,30,0,900,89200,0
aarq,ackley,30,0,901,89299,0
aarq,ackley,30,0,902,89398,0
aarq,ackley,30,0,903,89497,0
aarq,ackley,30,0,904,89596,0
aarq,ackley,30,0,905,89695,0
aarq,ackley,30,0,906,89794,0
aarq,ackley,30,0,907,89893,0
aarq,ackley,30,0,908,89992,0
aarq,ackley,30,0,909,90091,0
aarq,ackley,30,0,910,90190,0
aarq,ackley,30,0,911,90289,0
aarq,ackley,30,0,912,90388,0
aarq,ackley,30,0,913,90487,0
aarq,ackley,30,0,914,90586,0
aarq,ackley,30,0,915,90685,0
aarq,ackley,30,0,916,90784,0
aarq,ackley,30,0,917,90883,0
aarq,ackley,30,0,918,90982,0
aarq,ackley,30,0,919,91081,0
aarq,ackley,30,0,920,91180,0
aarq,ackley,30,0,921,91279,0
aarq,ackley,30,0,922,91378,0
aarq,ackley,30,0,923,91477,0
aarq,ackley,30,0,924,91576,0
aarq,ackley,30,0,925,91675,0
aarq,ackley,30,0,926,91774,0
aarq,ackley,30,0,927,91873,0
aarq,ackley,30,0,928,91972,0
aarq,ackley,30,0,929,92071,0
aarq,ackley,30,0,930,92170,0
aarq,ackley,30,0,931,92269,0
aarq,ackley,30,0,932,92368,0
aarq,ackley,30,0,933,92467,0
aarq,ackley,30,0,934,92566,0
aarq,ackley,30,0,935,92665,0
aarq,ackley,30,0,936,92764,0
aarq,ackley,30,0,937,92863,0
aarq,ackley,30,0,938,92962,0
aarq,ackley,30,0,939,93061,0
aarq,ackley,30,0,940,93160,0
aarq,ackley,30,0,941,93259,0
aarq,ackley,30,0,942,93358,0
aarq,ackley,30,0,943,93457,0
aarq,ackley,30,0,944,93556,0
aarq,ackley,30,0,945,93655,0
aarq,ackley,30,0,946,93754,0
aarq,ackley,30,0,947,93853,0
aarq,ackley,30,0,948,93952,0
aarq,ackley,30,0,949,94051,0
aarq,ackley,30,0,950,94150,0
aarq,ackley,30,0,951,94249,0
aarq,ackley,30,0,952,94348,0
aarq,ackley,30,0,953,94447,0
aarq,ackley,30,0,954,94546,0
aarq,ackley,30,0,955,94645,0
aarq,ackley,30,0,956,94744,0
aarq,ackley,30,0,957,94843,0
aarq,ackley,30,0,958,94942,0
aarq,ackley,30,0,959,95041,0
aarq,ackley,30,0,960,95140,0
aarq,ackley,30,0,961,95239,0
aarq,ackley,30,0,962,95338,0
aarq,ackley,30,0,963,95437,0
aarq,ackley,30,0,964,95536,0
aarq,ackley,30,0,965,95635,0
aarq,ackley,30,0,966,95734,0
aarq,ackley,30,0,967,95833,0
aarq,ackley,30,0,968,95932,0
aarq,ackley,30,0,969,96031,0
aarq,ackley,30,0,970,96130,0
aarq,ackley,30,0,971,96229,0
aarq,ackley,30,0,972,96328,0
aarq,ackley,30,0,973,96427,0
aarq,ackley,30,0,974,96526,0
aarq,ackley,30,0,975,96625,0
aarq,ackley,30,0,976,96724,0
aarq,ackley,30,0,977,96823,0
aarq,ackley,30,0,978,96922,0
aarq,ackley,30,0,979,97021,0
aarq,ackley,30,0,980,97120,0
aarq,ackley,30,0,981,97219,0
aarq,ackley,30,0,982,97318,0
aarq,ackley,30,0,983,97417,0
aarq,ackley,30,0,984,97516,0
aarq,ackley,30,0,985,97615,0
aarq,ackley,30,0,986,97714,0
aarq,ackley,30,0,987,97813,0
aarq,ackley,30,0,988,97912,0
aarq,ackley,30,0,989,98011,0
aarq,ackley,30,0,990,98110,0
aarq,ackley,30,0,991,98209,0
aarq,ackley,30,0,992,98308,0
aarq,ackley,30,0,993,98407,0
aarq,ackley,30,0,994,98506,0
aarq,ackley,30,0,995,98605,0
aarq,ackley,30,0,996,98704,0
aarq,ackley,30,0,997,98803,0
aarq,ackley,30,0,998,98902,0
aarq,ackley,30,0,999,99001,0
aarq,ackley,30,0,1000,99100,0
aarq,ackley,30,0,1001,99199,0
aarq,ackley,30,0,1002,99298,0
aarq,ackley,30,0,1003,99397,0
aarq,ackley,30,0,1004,99496,0
aarq,ackley,30,0,1005,99595,0
aarq,ackley,30,0,1006,99694,0
aarq,ackley,30,0,1007,99793,0
aarq,ackley,30,0,1008,99892,0
aarq,ackley,30,0,1009,99991,0
aarq,ackley,30,0,1010,100090,0
aarq,ackley,30,0,1011,100189,0
aarq,ackley,30,0,1012,100288,0
aarq,ackley,30,0,1013,100387,0
aarq,ackley,30,0,1014,100486,0
aarq,ackley,30,0,1015,100585,0
aarq,ackley,30,0,1016,100684,0
aarq,ackley,30,0,1017,100783,0
aarq,ackley,30,0,1018,100882,0
aarq,ackley,30,0,1019,100981,0
aarq,ackley,30,0,1020,101080,0
aarq,ackley,30,0,1021,101179,0
aarq,ackley,30,0,1022,101278,0
aarq,ackley,30,0,1023,101377,0
aarq,ackley,30,0,1024,101476,0
aarq,ackley,30,0,1025,101575,0
aarq,ackley,30,0,1026,101674,0
aarq,ackley,30,0,1027,101773,0
aarq,ackley,30,0,1028,101872,0
aarq,ackley,30,0,1029,101971,0
aarq,ackley,30,0,1030,102070,0
aarq,ackley,30,0,1031,102169,0
aarq,ackley,30,0,1032,102268,0
aarq,ackley,30,0,1033,102367,0
aarq,ackley,30,0,1034,102466,0
aarq,ackley,30,0,1035,102565,0
aarq,ackley,30,0,1036,102664,0
aarq,ackley,30,0,1037,102763,0
aarq,ackley,30,0,1038,102862,0
aarq,ackley,30,0,1039,102961,0
aarq,ackley,30,0,1040,103060,0
aarq,ackley,30,0,1041,103159,0
aarq,ackley,30,0,1042,103258,0
aarq,ackley,30,0,1043,103357,0
aarq,ackley,30,0,1044,103456,0
aarq,ackley,30,0,1045,103555,0
aarq,ackley,30,0,1046,103654,0
aarq,ackley,30,0,1047,103753,0
aarq,ackley,30,0,1048,103852,0
aarq,ackley,30,0,1049,103951,0
aarq,ackley,30,0,1050,104050,0
aarq,ackley,30,0,1051,104149,0
aarq,ackley,30,0,1052,104248,0
aarq,ackley,30,0,1053,104347,0
aarq,ackley,30,0,1054,104446,0
aarq,ackley,30,0,1055,104545,0
aarq,ackley,30,0,1056,104644,0
aarq,ackley,30,0,1057,104743,0
aarq,ackley,30,0,1058,104842,0
aarq,ackley,30,0,1059,104941,0
aarq,ackley,30,0,1060,105040,0
aarq,ackley,30,0,1061,105139,0
aarq,ackley,30,0,1062,105238,0
aarq,ackley,30,0,1063,105337,0
aarq,ackley,30,0,1064,105436,0
aarq,ackley,30,0,1065,105535,0
aarq,ackley,30,0,1066,105634,0
aarq,ackley,30,0,1067,105733,0
aarq,ackley,30,0,1068,105832,0
aarq,ackley,30,0,1069,105931,0
aarq,ackley,30,0,1070,106030,0
aarq,ackley,30,0,1071,106129,0
aarq,ackley,30,0,1072,106228,0
aarq,ackley,30,0,1073,106327,0
aarq,ackley,30,0,1074,106426,0
aarq,ackley,30,0,1075,106525,0
aarq,ackley,30,0,1076,106624,0
aarq,ackley,30,0,1077,106723,0
aarq,ackley,30,0,1078,106822,0
aarq,ackley,30,0,1079,106921,0
aarq,ackley,30,0,1080,107020,0
aarq,ackley,30,0,1081,107119,0
aarq,ackley,30,0,1082,107218,0
aarq,ackley,30,0,1083,107317,0
aarq,ackley,30,0,1084,107416,0
aarq,ackley,30,0,1085,107515,0
aarq,ackley,30,0,1086,107614,0
aarq,ackley,30,0,1087,107713,0
aarq,ackley,30,0,1088,107812,0
aarq,ackley,30,0,1089,107911,0
aarq,ackley,30,0,1090,108010,0
aarq,ackley,30,0,1091,108109,0
aarq,ackley,30,0,1092,108208,0
aarq,ackley,30,0,1093,108307,0
aarq,ackley,30,0,1094,108406,0
aarq,ackley,30,0,1095,108505,0
aarq,ackley,30,0,1096,108604,0
aarq,ackley,30,0,1097,108703,0
aarq,ackley,30,0,1098,108802,0
aarq,ackley,30,0,1099,108901,0
aarq,ackley,30,0,1100,109000,0
aarq,ackley,30,0,1101,109099,0
aarq,ackley,30,0,1102,109198,0
aarq,ackley,30,0,1103,109297,0
aarq,ackley,30,0,1104,109396,0
aarq,ackley,30,0,1105,109495,0
aarq,ackley,30,0,1106,109594,0
aarq,ackley,30,0,1107,109693,0
aarq,ackley,30,0,1108,109792,0
aarq,ackley,30,0,1109,109891,0
aarq,ackley,30,0,1110,109990,0
aarq,ackley,30,0,1111,110089,0
aarq,ackley,30,0,1112,110188,0
aarq,ackley,30,0,1113,110287,0
aarq,ackley,30,0,1114,110386,0
aarq,ackley,30,0,1115,110485,0
aarq,ackley,30,0,1116,110584,0
aarq,ackley,30,0,1117,110683,0
aarq,ackley,30,0,1118,110782,0
aarq,ackley,30,0,1119,110881,0
aarq,ackley,30,0,1120,110980,0
aarq,ackley,30,0,1121,111079,0
aarq,ackley,30,0,1122,111178,0
aarq,ackley,30,0,1123,111277,0
aarq,ackley,30,0,1124,111376,0
aarq,ackley,30,0,1125,111475,0
aarq,ackley,30,0,1126,111574,0
aarq,ackley,30,0,1127,111673,0
aarq,ackley,30,0,1128,111772,0
aarq,ackley,30,0,1129,111871,0
aarq,ackley,30,0,1130,111970,0
aarq,ackley,30,0,1131,112069,0
aarq,ackley,30,0,1132,112168,0
aarq,ackley,30,0,1133,112267,0
aarq,ackley,30,0,1134,112366,0
aarq,ackley,30,0,1135,112465,0
aarq,ackley,30,0,1136,112564,0
aarq,ackley,30,0,1137,112663,0
aarq,ackley,30,0,1138,112762,0
aarq,ackley,30,0,1139,112861,0
aarq,ackley,30,0,1140,112960,0
aarq,ackley,30,0,1141,113059,0
aarq,ackley,30,0,1142,113158,0
aarq,ackley,30,0,1143,113257,0
aarq,ackley,30,0,1144,113356,0
aarq,ackley,30,0,1145,113455,0
aarq,ackley,30,0,1146,113554,0
aarq,ackley,30,0,1147,113653,0
aarq,ackley,30,0,1148,113752,0
aarq,ackley,30,0,1149,113851,0
aarq,ackley,30,0,1150,113950,0
aarq,ackley,30,0,1151,114049,0
aarq,ackley,30,0,1152,114148,0
aarq,ackley,30,0,1153,114247,0
aarq,ackley,30,0,1154,114346,0
aarq,ackley,30,0,1155,114445,0
aarq,ackley,30,0,1156,114544,0
aarq,ackley,30,0,1157,114643,0
aarq,ackley,30,0,1158,114742,0
aarq,ackley,30,0,1159,114841,0
aarq,ackley,30,0,1160,114940,0
aarq,ackley,30,0,1161,115039,0
aarq,ackley,30,0,1162,115138,0
aarq,ackley,30,0,1163,115237,0
aarq,ackley,30,0,1164,115336,0
aarq,ackley,30,0,1165,115435,0
aarq,ackley,30,0,1166,115534,0
aarq,ackley,30,0,1167,115633,0
aarq,ackley,30,0,1168,115732,0
aarq,ackley,30,0,1169,115831,0
aarq,ackley,30,0,1170,115930,0
aarq,ackley,30,0,1171,116029,0
aarq,ackley,30,0,1172,116128,0
aarq,ackley,30,0,1173,116227,0
aarq,ackley,30,0,1174,116326,0
aarq,ackley,30,0,1175,116425,0
aarq,ackley,30,0,1176,116524,0
aarq,ackley,30,0,1177,116623,0
aarq,ackley,30,0,1178,116722,0
aarq,ackley,30,0,1179,116821,0
aarq,ackley,30,0,1180,116920,0
aarq,ackley,30,0,1181,117019,0
aarq,ackley,30,0,1182,117118,0
aarq,ackley,30,0,1183,117217,0
aarq,ackley,30,0,1184,117316,0
aarq,ackley,30,0,1185,117415,0
aarq,ackley,30,0,1186,117514,0
aarq,ackley,30,0,1187,117613,0
aarq,ackley,30,0,1188,117712,0
aarq,ackley,30,0,1189,117811,0
aarq,ackley,30,0,1190,117910,0
aarq,ackley,30,0,1191,118009,0
aarq,ackley,30,0,1192,118108,0
aarq,ackley,30,0,1193,118207,0
aarq,ackley,30,0,1194,118306,0
aarq,ackley,30,0,1195,118405,0
aarq,ackley,30,0,1196,118504,0
aarq,ackley,30,0,1197,118603,0
aarq,ackley,30,0,1198,118702,0
aarq,ackley,30,0,1199,118801,0
aarq,ackley,30,0,1200,118900,0
aarq,ackley,30,0,1201,118999,0
aarq,ackley,30,0,1202,119098,0
aarq,ackley,30,0,1203,119197,0
aarq,ackley,30,0,1204,119296,0
aarq,ackley,30,0,1205,119395,0
aarq,ackley,30,0,1206,119494,0
aarq,ackley,30,0,1207,119593,0
aarq,ackley,30,0,1208,119692,0
aarq,ackley,30,0,1209,119791,0
aarq,ackley,30,0,1210,119890,0
aarq,ackley,30,0,1211,119989,0
aarq,ackley,30,0,1212,120088,0
aarq,ackley,30,0,1213,120187,0
aarq,ackley,30,0,1214,120286,0
aarq,ackley,30,0,1215,120385,0
aarq,ackley,30,0,1216,120484,0
aarq,ackley,30,0,1217,120583,0
aarq,ackley,30,0,1218,120682,0
aarq,ackley,30,0,1219,120781,0
aarq,ackley,30,0,1220,120880,0
aarq,ackley,30,0,1221,120979,0
aarq,ackley,30,0,1222,121078,0
aarq,ackley,30,0,1223,121177,0
aarq,ackley,30,0,1224,121276,0
aarq,ackley,30,0,1225,121375,0
aarq,ackley,30,0,1226,121474,0
aarq,ackley,30,0,1227,121573,0
aarq,ackley,30,0,1228,121672,0
aarq,ackley,30,0,1229,121771,0
aarq,ackley,30,0,1230,121870,0
aarq,ackley,30,0,1231,121969,0
aarq,ackley,30,0,1232,122068,0
aarq,ackley,30,0,1233,122167,0
aarq,ackley,30,0,1234,122266,0
aarq,ackley,30,0,1235,122365,0
aarq,ackley,30,0,1236,122464,0
aarq,ackley,30,0,1237,122563,0
aarq,ackley,30,0,1238,122662,0
aarq,ackley,30,0,1239,122761,0
aarq,ackley,30,0,1240,122860,0
aarq,ackley,30,0,1241,122959,0
aarq,ackley,30,0,1242,123058,0
aarq,ackley,30,0,1243,123157,0
aarq,ackley,30,0,1244,123256,0
aarq,ackley,30,0,1245,123355,0
aarq,ackley,30,0,1246,123454,0
aarq,ackley,30,0,1247,123553,0
aarq,ackley,30,0,1248,123652,0
aarq,ackley,30,0,1249,123751,0
aarq,ackley,30,0,1250,123850,0
aarq,ackley,30,0,1251,123949,0
aarq,ackley,30,0,1252,124048,0
aarq,ackley,30,0,1253,124147,0
aarq,ackley,30,0,1254,124246,0
aarq,ackley,30,0,1255,124345,0
aarq,ackley,30,0,1256,124444,0
aarq,ackley,30,0,1257,124543,0
aarq,ackley,30,0,1258,124642,0
aarq,ackley,30,0,1259,124741,0
aarq,ackley,30,0,1260,124840,0
aarq,ackley,30,0,1261,124939,0
aarq,ackley,30,0,1262,125038,0
aarq,ackley,30,0,1263,125137,0
aarq,ackley,30,0,1264,125236,0
aarq,ackley,30,0,1265,125335,0
aarq,ackley,30,0,1266,125434,0
aarq,ackley,30,0,1267,125533,0
aarq,ackley,30,0,1268,125632,0
aarq,ackley,30,0,1269,125731,0
aarq,ackley,30,0,1270,125830,0
aarq,ackley,30,0,1271,125929,0
aarq,ackley,30,0,1272,126028,0
aarq,ackley,30,0,1273,126127,0
aarq,ackley,30,0,1274,126226,0
aarq,ackley,30,0,1275,126325,0
aarq,ackley,30,0,1276,126424,0
aarq,ackley,30,0,1277,126523,0
aarq,ackley,30,0,1278,126622,0
aarq,ackley,30,0,1279,126721,0
aarq,ackley,30,0,1280,126820,0
aarq,ackley,30,0,1281,126919,0
aarq,ackley,30,0,1282,127018,0
aarq,ackley,30,0,1283,127117,0
aarq,ackley,30,0,1284,127216,0
aarq,ackley,30,0,1285,127315,0
aarq,ackley,30,0,1286,127414,0
aarq,ackley,30,0,1287,127513,0
aarq,ackley,30,0,1288,127612,0
aarq,ackley,30,0,1289,127711,0
aarq,ackley,30,0,1290,127810,0
aarq,ackley,30,0,1291,127909,0
aarq,ackley,30,0,1292,128008,0
aarq,ackley,30,0,1293,128107,0
aarq,ackley,30,0,1294,128206,0
aarq,ackley,30,0,1295,128305,0
aarq,ackley,30,0,1296,128404,0
aarq,ackley,30,0,1297,128503,0
aarq,ackley,30,0,1298,128602,0
aarq,ackley,30,0,1299,128701,0
aarq,ackley,30,0,1300,128800,0
aarq,ackley,30,0,1301,128899,0
aarq,ackley,30,0,1302,128998,0
aarq,ackley,30,0,1303,129097,0
aarq,ackley,30,0,1304,129196,0
aarq,ackley,30,0,1305,129295,0
aarq,ackley,30,0,1306,129394,0
aarq,ackley,30,0,1307,129493,0
aarq,ackley,30,0,1308,129592,0
aarq,ackley,30,0,1309,129691,0
aarq,ackley,30,0,1310,129790,0
aarq,ackley,30,0,1311,129889,0
aarq,ackley,30,0,1312,129988,0
aarq,ackley,30,0,1313,130087,0
aarq,ackley,30,0,1314,130186,0
aarq,ackley,30,0,1315,130285,0
aarq,ackley,30,0,1316,130384,0
aarq,ackley,30,0,1317,130483,0
aarq,ackley,30,0,1318,130582,0
aarq,ackley,30,0,1319,130681,0
aarq,ackley,30,0,1320,130780,0
aarq,ackley,30,0,1321,130879,0
aarq,ackley,30,0,1322,130978,0
aarq,ackley,30,0,1323,131077,0
aarq,ackley,30,0,1324,131176,0
aarq,ackley,30,0,1325,131275,0
aarq,ackley,30,0,1326,131374,0
aarq,ackley,30,0,1327,131473,0
aarq,ackley,30,0,1328,131572,0
aarq,ackley,30,0,1329,131671,0
aarq,ackley,30,0,1330,131770,0
aarq,ackley,30,0,1331,131869,0
aarq,ackley,30,0,1332,131968,0
aarq,ackley,30,0,1333,132067,0
aarq,ackley,30,0,1334,132166,0
aarq,ackley,30,0,1335,132265,0
aarq,ackley,30,0,1336,132364,0
aarq,ackley,30,0,1337,132463,0
aarq,ackley,30,0,1338,132562,0
aarq,ackley,30,0,1339,132661,0
aarq,ackley,30,0,1340,132760,0
aarq,ackley,30,0,1341,132859,0
aarq,ackley,30,0,1342,132958,0
aarq,ackley,30,0,1343,133057,0
aarq,ackley,30,0,1344,133156,0
aarq,ackley,30,0,1345,133255,0
aarq,ackley,30,0,1346,133354,0
aarq,ackley,30,0,1347,133453,0
aarq,ackley,30,0,1348,133552,0
aarq,ackley,30,0,1349,133651,0
aarq,ackley,30,0,1350,133750,0
aarq,ackley,30,0,1351,133849,0
aarq,ackley,30,0,1352,133948,0
aarq,ackley,30,0,1353,134047,0
aarq,ackley,30,0,1354,134146,0
aarq,ackley,30,0,1355,134245,0
aarq,ackley,30,0,1356,134344,0
aarq,ackley,30,0,1357,134443,0
aarq,ackley,30,0,1358,134542,0
aarq,ackley,30,0,1359,134641,0
aarq,ackley,30,0,1360,134740,0
aarq,ackley,30,0,1361,134839,0
aarq,ackley,30,0,1362,134938,0
aarq,ackley,30,0,1363,135037,0
aarq,ackley,30,0,1364,135136,0
aarq,ackley,30,0,1365,135235,0
aarq,ackley,30,0,1366,135334,0
aarq,ackley,30,0,1367,135433,0
aarq,ackley,30,0,1368,135532,0
aarq,ackley,30,0,1369,135631,0
aarq,ackley,30,0,1370,135730,0
aarq,ackley,30,0,1371,135829,0
aarq,ackley,30,0,1372,135928,0
aarq,ackley,30,0,1373,136027,0
aarq,ackley,30,0,1374,136126,0
aarq,ackley,30,0,1375,136225,0
aarq,ackley,30,0,1376,136324,0
aarq,ackley,30,0,1377,136423,0
aarq,ackley,30,0,1378,136522,0
aarq,ackley,30,0,1379,136621,0
aarq,ackley,30,0,1380,136720,0
aarq,ackley,30,0,1381,136819,0
aarq,ackley,30,0,1382,136918,0
aarq,ackley,30,0,1383,137017,0
aarq,ackley,30,0,1384,137116,0
aarq,ackley,30,0,1385,137215,0
aarq,ackley,30,0,1386,137314,0
aarq,ackley,30,0,1387,137413,0
aarq,ackley,30,0,1388,137512,0
aarq,ackley,30,0,1389,137611,0
aarq,ackley,30,0,1390,137710,0
aarq,ackley,30,0,1391,137809,0
aarq,ackley,30,0,1392,137908,0
aarq,ackley,30,0,1393,138007,0
aarq,ackley,30,0,1394,138106,0
aarq,ackley,30,0,1395,138205,0
aarq,ackley,30,0,1396,138304,0
aarq,ackley,30,0,1397,138403,0
aarq,ackley,30,0,1398,138502,0
aarq,ackley,30,0,1399,138601,0
aarq,ackley,30,0,1400,138700,0
aarq,ackley,30,0,1401,138799,0
aarq,ackley,30,0,1402,138898,0
aarq,ackley,30,0,1403,138997,0
aarq,ackley,30,0,1404,139096,0
aarq,ackley,30,0,1405,139195,0
aarq,ackley,30,0,1406,139294,0
aarq,ackley,30,0,1407,139393,0
aarq,ackley,30,0,1408,139492,0
aarq,ackley,30,0,1409,139591,0
aarq,ackley,30,0,1410,139690,0
aarq,ackley,30,0,1411,139789,0
aarq,ackley,30,0,1412,139888,0
aarq,ackley,30,0,1413,139987,0
aarq,ackley,30,0,1414,140086,0
aarq,ackley,30,0,1415,140185,0
aarq,ackley,30,0,1416,140284,0
aarq,ackley,30,0,1417,140383,0
aarq,ackley,30,0,1418,140482,0
aarq,ackley,30,0,1419,140581,0
aarq,ackley,30,0,1420,140680,0
aarq,ackley,30,0,1421,140779,0
aarq,ackley,30,0,1422,140878,0
aarq,ackley,30,0,1423,140977,0
aarq,ackley,30,0,1424,141076,0
aarq,ackley,30,0,1425,141175,0
aarq,ackley,30,0,1426,141274,0
aarq,ackley,30,0,1427,141373,0
aarq,ackley,30,0,1428,141472,0
aarq,ackley,30,0,1429,141571,0
aarq,ackley,30,0,1430,141670,0
aarq,ackley,30,0,1431,141769,0
aarq,ackley,30,0,1432,141868,0
aarq,ackley,30,0,1433,141967,0
aarq,ackley,30,0,1434,142066,0
aarq,ackley,30,0,1435,142165,0
aarq,ackley,30,0,1436,142264,0
aarq,ackley,30,0,1437,142363,0
aarq,ackley,30,0,1438,142462,0
aarq,ackley,30,0,1439,142561,0
aarq,ackley,30,0,1440,142660,0
aarq,ackley,30,0,1441,142759,0
aarq,ackley,30,0,1442,142858,0
aarq,ackley,30,0,1443,142957,0
aarq,ackley,30,0,1444,143056,0
aarq,ackley,30,0,1445,143155,0
aarq,ackley,30,0,1446,143254,0
aarq,ackley,30,0,1447,143353,0
aarq,ackley,30,0,1448,143452,0
aarq,ackley,30,0,1449,143551,0
aarq,ackley,30,0,1450,143650,0
aarq,ackley,30,0,1451,143749,0
aarq,ackley,30,0,1452,143848,0
aarq,ackley,30,0,1453,143947,0
aarq,ackley,30,0,1454,144046,0
aarq,ackley,30,0,1455,144145,0
aarq,ackley,30,0,1456,144244,0
aarq,ackley,30,0,1457,144343,0
aarq,ackley,30,0,1458,144442,0
aarq,ackley,30,0,1459,144541,0
aarq,ackley,30,0,1460,144640,0
aarq,ackley,30,0,1461,144739,0
aarq,ackley,30,0,1462,144838,0
aarq,ackley,30,0,1463,144937,0
aarq,ackley,30,0,1464,145036,0
aarq,ackley,30,0,1465,145135,0
aarq,ackley,30,0,1466,145234,0
aarq,ackley,30,0,1467,145333,0
aarq,ackley,30,0,1468,145432,0
aarq,ackley,30,0,1469,145531,0
aarq,ackley,30,0,1470,145630,0
aarq,ackley,30,0,1471,145729,0
aarq,ackley,30,0,1472,145828,0
aarq,ackley,30,0,1473,145927,0
aarq,ackley,30,0,1474,146026,0
aarq,ackley,30,0,1475,146125,0
aarq,ackley,30,0,1476,146224,0
aarq,ackley,30,0,1477,146323,0
aarq,ackley,30,0,1478,146422,0
aarq,ackley,30,0,1479,146521,0
aarq,ackley,30,0,1480,146620,0
aarq,ackley,30,0,1481,146719,0
aarq,ackley,30,0,1482,146818,0
aarq,ackley,30,0,1483,146917,0
aarq,ackley,30,0,1484,147016,0
aarq,ackley,30,0,1485,147115,0
aarq,ackley,30,0,1486,147214,0
aarq,ackley,30,0,1487,147313,0
aarq,ackley,30,0,1488,147412,0
aarq,ackley,30,0,1489,147511,0
aarq,ackley,30,0,1490,147610,0
aarq,ackley,30,0,1491,147709,0
aarq,ackley,30,0,1492,147808,0
aarq,ackley,30,0,1493,147907,0
aarq,ackley,30,0,1494,148006,0
aarq,ackley,30,0,1495,148105,0
aarq,ackley,30,0,1496,148204,0
aarq,ackley,30,0,1497,148303,0
aarq,ackley,30,0,1498,148402,0
aarq,ackley,30,0,1499,148501,0
aarq,ackley,30,0,1500,148600,0
aarq,ackley,30,0,1501,148699,0
aarq,ackley,30,0,1502,148798,0
aarq,ackley,30,0,1503,148897,0
aarq,ackley,30,0,1504,148996,0
aarq,ackley,30,0,1505,149095,0
aarq,ackley,30,0,1506,149194,0
aarq,ackley,30,0,1507,149293,0
aarq,ackley,30,0,1508,149392,0
aarq,ackley,30,0,1509,149491,0
aarq,ackley,30,0,1510,149590,0
aarq,ackley,30,0,1511,149689,0
aarq,ackley,30,0,1512,149788,0
aarq,ackley,30,0,1513,149887,0
aarq,ackley,30,0,1514,149986,0
aarq,ackley,30,0,1515,150000,0
aarq,ackley,30,1,0,100,20.580608834662
aarq,ackley,30,1,1,199,20.580608834662
aarq,ackley,30,1,2,298,20.580608834662
aarq,ackley,30,1,3,397,20.560910102771
aarq,ackley,30,1,4,496,20.560910102771
aarq,ackley,30,1,5,595,20.560910102771
aarq,ackley,30,1,6,694,20.560910102771
aarq,ackley,30,1,7,793,19.765684150276
aarq,ackley,30,1,8,892,19.765684150276
aarq,ackley,30,1,9,991,19.765684150276
aarq,ackley,30,1,10,1090,19.765684150276
aarq,ackley,30,1,11,1189,19.765684150276
aarq,ackley,30,1,12,1288,19.765684150276
aarq,ackley,30,1,13,1387,19.765684150276
aarq,ackley,30,1,14,1486,19.765684150276
aarq,ackley,30,1,15,1585,19.65020449888
aarq,ackley,30,1,16,1684,19.405240223413
aarq,ackley,30,1,17,1783,19.057353175826
aarq,ackley,30,1,18,1882,19.057353175826
aarq,ackley,30,1,19,1981,16.92669168691
aarq,ackley,30,1,20,2080,16.92669168691
aarq,ackley,30,1,21,2179,16.92669168691
aarq,ackley,30,1,22,2278,16.92669168691
aarq,ackley,30,1,23,2377,16.92669168691
aarq,ackley,30,1,24,2476,16.92669168691
aarq,ackley,30,1,25,2575,16.92669168691
aarq,ackley,30,1,26,2674,16.92669168691
aarq,ackley,30,1,27,2773,16.92669168691
aarq,ackley,30,1,28,2872,15.954642629629
aarq,ackley,30,1,29,2971,15.679405028559
aarq,ackley,30,1,30,3070,15.679405028559
aarq,ackley,30,1,31,3169,15.602695995292
aarq,ackley,30,1,32,3268,14.199766817535
aarq,ackley,30,1,33,3367,14.199766817535
aarq,ackley,30,1,34,3466,14.199766817535
aarq,ackley,30,1,35,3565,12.034577393459
aarq,ackley,30,1,36,3664,12.034577393459
aarq,ackley,30,1,37,3763,12.034577393459
aarq,ackley,30,1,38,3862,12.034577393459
aarq,ackley,30,1,39,3961,12.034577393459
aarq,ackley,30,1,40,4060,11.657935300662
aarq,ackley,30,1,41,4159,11.657935300662
aarq,ackley,30,1,42,4258,10.811322973747
aarq,ackley,30,1,43,4357,9.614248470558
aarq,ackley,30,1,44,4456,9.126093257823
aarq,ackley,30,1,45,4555,9.126093257823
aarq,ackley,30,1,46,4654,9.014716053577
aarq,ackley,30,1,47,4753,8.26855597478
aarq,ackley,30,1,48,4852,7.711235566593
aarq,ackley,30,1,49,4951,7.634987964519
aarq,ackley,30,1,50,5050,6.676900504719
aarq,ackley,30,1,51,5149,6.676900504719
aarq,ackley,30,1,52,5248,6.592512906233
aarq,ackley,30,1,53,5347,6.592512906233
aarq,ackley,30,1,54,5446,5.388141636446
aarq,ackley,30,1,55,5545,5.388141636446
aarq,ackley,30,1,56,5644,5.388141636446
aarq,ackley,30,1,57,5743,5.388141636446
aarq,ackley,30,1,58,5842,4.659611068659
aarq,ackley,30,1,59,5941,4.659611068659
aarq,ackley,30,1,60,6040,4.659611068659
aarq,ackley,30,1,61,6139,4.659611068659
aarq,ackley,30,1,62,6238,4.659611068659
aarq,ackley,30,1,63,6337,4.390647289978
aarq,ackley,30,1,64,6436,4.390647289978
aarq,ackley,30,1,65,6535,4.246438060695
aarq,ackley,30,1,66,6634,4.183886029904
aarq,ackley,30,1,67,6733,3.944931171002
aarq,ackley,30,1,68,6832,3.915737654231
aarq,ackley,30,1,69,6931,3.477540413496
aarq,ackley,30,1,70,7030,3.477540413496
aarq,ackley,30,1,71,7129,3.348882757145
aarq,ackley,30,1,72,7228,2.899650258621
aarq,ackley,30,1,73,7327,2.899650258621
aarq,ackley,30,1,74,7426,2.899650258621
aarq,ackley,30,1,75,7525,2.861923031585
aarq,ackley,30,1,76,7624,2.624153905535
aarq,ackley,30,1,77,7723,2.333021750408
aarq,ackley,30,1,78,7822,2.333021750408
aarq,ackley,30,1,79,7921,2.333021750408
aarq,ackley,30,1,80,8020,2.333021750408
aarq,ackley,30,1,81,8119,2.06101605478
aarq,ackley,30,1,82,8218,2.06101605478
aarq,ackley,30,1,83,8317,1.967303738944
aarq,ackley,30,1,84,8416,1.891862392664
aarq,ackley,30,1,85,8515,1.791973418818
aarq,ackley,30,1,86,8614,1.706645805048
aarq,ackley,30,1,87,8713,1.519009255899
aarq,ackley,30,1,88,8812,1.519009255899
aarq,ackley,30,1,89,8911,1.446920275765
aarq,ackley,30,1,90,9010,1.316838724327
aarq,ackley,30,1,91,9109,1.166625363318
aarq,ackley,30,1,92,9208,0.88121924022
aarq,ackley,30,1,93,9307,0.86815115228
aarq,ackley,30,1,94,9406,0.778875805856
aarq,ackley,30,1,95,9505,0.688090256841
aarq,ackley,30,1,96,9604,0.666092404357
aarq,ackley,30,1,97,9703,0.595077451827
aarq,ackley,30,1,98,9802,0.511110566724
aarq,ackley,30,1,99,9901,0.392481620393
aarq,ackley,30,1,100,10000,0.392481620393
aarq,ackley,30,1,101,10099,0.392481620393
aarq,ackley,30,1,102,10198,0.374653363438
aarq,ackley,30,1,103,10297,0.300694007932
aarq,ackley,30,1,104,10396,0.272994672063
aarq,ackley,30,1,105,10495,0.264458658286
aarq,ackley,30,1,106,10594,0.264458658286
aarq,ackley,30,1,107,10693,0.2530500763
aarq,ackley,30,1,108,10792,0.224319539095
aarq,ackley,30,1,109,10891,0.21484720244
aarq,ackley,30,1,110,10990,0.185094512165
aarq,ackley,30,1,111,11089,0.160982378874
aarq,ackley,30,1,112,11188,0.15946146742
aarq,ackley,30,1,113,11287,0.151886277429
aarq,ackley,30,1,114,11386,0.133509788858
aarq,ackley,30,1,115,11485,0.113416454765
aarq,ackley,30,1,116,11584,0.104740717136
aarq,ackley,30,1,117,11683,0.094293990223
aarq,ackley,30,1,118,11782,0.094293990223
aarq,ackley,30,1,119,11881,0.076577005717
aarq,ackley,30,1,120,11980,0.076577005717
aarq,ackley,30,1,121,12079,0.069128418915
aarq,ackley,30,1,122,12178,0.065809772096
aarq,ackley,30,1,123,12277,0.047711174887
aarq,ackley,30,1,124,12376,0.047711174887
aarq,ackley,30,1,125,12475,0.047711174887
aarq,ackley,30,1,126,12574,0.039988467303
aarq,ackley,30,1,127,12673,0.038557996222
aarq,ackley,30,1,128,12772,0.038557996222
aarq,ackley,30,1,129,12871,0.034216002661
aarq,ackley,30,1,130,12970,0.034216002661
aarq,ackley,30,1,131,13069,0.030578096645
aarq,ackley,30,1,132,13168,0.029147137325
aarq,ackley,30,1,133,13267,0.027239181864
aarq,ackley,30,1,134,13366,0.027239181864
aarq,ackley,30,1,135,13465,0.023785305811
aarq,ackley,30,1,136,13564,0.021852628249
aarq,ackley,30,1,137,13663,0.021852628249
aarq,ackley,30,1,138,13762,0.018842096957
aarq,ackley,30,1,139,13861,0.017363747238
aarq,ackley,30,1,140,13960,0.016702219055
aarq,ackley,30,1,141,14059,0.015370770175
aarq,ackley,30,1,142,14158,0.011415208944
aarq,ackley,30,1,143,14257,0.011415208944
aarq,ackley,30,1,144,14356,0.010604518643
aarq,ackley,30,1,145,14455,0.009999280589
aarq,ackley,30,1,146,14554,0.009999280589
aarq,ackley,30,1,147,14653,0.009519403885
aarq,ackley,30,1,148,14752,0.009519403885
aarq,ackley,30,1,149,14851,0.00842161037
aarq,ackley,30,1,150,14950,0.00842161037
aarq,ackley,30,1,151,15049,0.007600945553
aarq,ackley,30,1,152,15148,0.007317735718
aarq,ackley,30,1,153,15247,0.006876634379
aarq,ackley,30,1,154,15346,0.005798005417
aarq,ackley,30,1,155,15445,0.00535005407
aarq,ackley,30,1,156,15544,0.00535005407
aarq,ackley,30,1,157,15643,0.004900645245
aarq,ackley,30,1,158,15742,0.004569849876
aarq,ackley,30,1,159,15841,0.00415985186
aarq,ackley,30,1,160,15940,0.004085086991
aarq,ackley,30,1,161,16039,0.003930440797
aarq,ackley,30,1,162,16138,0.003585674086
aarq,ackley,30,1,163,16237,0.003100685574
aarq,ackley,30,1,164,16336,0.00296861233
aarq,ackley,30,1,165,16435,0.002795838507
aarq,ackley,30,1,166,16534,0.002660796656
aarq,ackley,30,1,167,16633,0.002370882815
aarq,ackley,30,1,168,16732,0.002338679064
aarq,ackley,30,1,169,16831,0.001996221335
aarq,ackley,30,1,170,16930,0.001886876
aarq,ackley,30,1,171,17029,0.001813873272
aarq,ackley,30,1,172,17128,0.001645034668
aarq,ackley,30,1,173,17227,0.001539541141
aarq,ackley,30,1,174,17326,0.001203068561
aarq,ackley,30,1,175,17425,0.001203068561
aarq,ackley,30,1,176,17524,0.001200444682
aarq,ackley,30,1,177,17623,0.001105695992
aarq,ackley,30,1,178,17722,0.000973779382
aarq,ackley,30,1,179,17821,0.000957817384
aarq,ackley,30,1,180,17920,0.000873218289
aarq,ackley,30,1,181,18019,0.000843842643
aarq,ackley,30,1,182,18118,0.00080578496
aarq,ackley,30,1,183,18217,0.000755678951
aarq,ackley,30,1,184,18316,0.000748356212
aarq,ackley,30,1,185,18415,0.000630751899
aarq,ackley,30,1,186,18514,0.000600935407
aarq,ackley,30,1,187,18613,0.000600935407
aarq,ackley,30,1,188,18712,0.000567187944
aarq,ackley,30,1,189,18811,0.000498465228
aarq,ackley,30,1,190,18910,0.000458247936
aarq,ackley,30,1,191,19009,0.000458247936
aarq,ackley,30,1,192,19108,0.000445722521
aarq,ackley,30,1,193,19207,0.000364521471
aarq,ackley,30,1,194,19306,0.000348646192
aarq,ackley,30,1,195,19405,0.000322124814
aarq,ackley,30,1,196,19504,0.000308651917
aarq,ackley,30,1,197,19603,0.0002924305
aarq,ackley,30,1,198,19702,0.000253478298
aarq,ackley,30,1,199,19801,0.000247682844
aarq,ackley,30,1,200,19900,0.00022885789
aarq,ackley,30,1,201,19999,0.000177983357
aarq,ackley,30,1,202,20098,0.000177983357
aarq,ackley,30,1,203,20197,0.000172506872
aarq,ackley,30,1,204,20296,0.000172506872
aarq,ackley,30,1,205,20395,0.0001566881
aarq,ackley,30,1,206,20494,0.000152809985
aarq,ackley,30,1,207,20593,0.000129388364
aarq,ackley,30,1,208,20692,0.000122604177
aarq,ackley,30,1,209,20791,0.000111316151
aarq,ackley,30,1,210,20890,0.000111146826
aarq,ackley,30,1,211,20989,8.9278624e-05
aarq,ackley,30,1,212,21088,8.9278624e-05
aarq,ackley,30,1,213,21187,8.9278624e-05
aarq,ackley,30,1,214,21286,8.3318048e-05
aarq,ackley,30,1,215,21385,8.1532145e-05
aarq,ackley,30,1,216,21484,7.0516654e-05
aarq,ackley,30,1,217,21583,6.3723441e-05
aarq,ackley,30,1,218,21682,6.0650352e-05
aarq,ackley,30,1,219,21781,5.6031571e-05
aarq,ackley,30,1,220,21880,5.4974738e-05
aarq,ackley,30,1,221,21979,4.8297404e-05
aarq,ackley,30,1,222,22078,4.322188e-05
aarq,ackley,30,1,223,22177,4.0142916e-05
aarq,ackley,30,1,224,22276,3.9880334e-05
aarq,ackley,30,1,225,22375,3.6820853e-05
aarq,ackley,30,1,226,22474,3.379763e-05
aarq,ackley,30,1,227,22573,3.1242049e-05
aarq,ackley,30,1,228,22672,2.857892e-05
aarq,ackley,30,1,229,22771,2.857892e-05
aarq,ackley,30,1,230,22870,2.1210691e-05
aarq,ackley,30,1,231,22969,2.1210691e-05
aarq,ackley,30,1,232,23068,2.1195423e-05
aarq,ackley,30,1,233,23167,1.8912917e-05
aarq,ackley,30,1,234,23266,1.8912917e-05
aarq,ackley,30,1,235,23365,1.8155156e-05
aarq,ackley,30,1,236,23464,1.6603904e-05
aarq,ackley,30,1,237,23563,1.6603904e-05
aarq,ackley,30,1,238,23662,1.4921052e-05
aarq,ackley,30,1,239,23761,1.3558459e-05
aarq,ackley,30,1,240,23860,1.3558459e-05
aarq,ackley,30,1,241,23959,1.2029498e-05
aarq,ackley,30,1,242,24058,1.0847543e-05
aarq,ackley,30,1,243,24157,1.0847543e-05
aarq,ackley,30,1,244,24256,9.037256e-06
aarq,ackley,30,1,245,24355,9.037256e-06
aarq,ackley,30,1,246,24454,8.783149e-06
aarq,ackley,30,1,247,24553,8.365428e-06
aarq,ackley,30,1,248,24652,6.995018e-06
aarq,ackley,30,1,249,24751,6.995018e-06
aarq,ackley,30,1,250,24850,5.753775e-06
aarq,ackley,30,1,251,24949,5.753775e-06
aarq,ackley,30,1,252,25048,5.599325e-06
aarq,ackley,30,1,253,25147,5.051319e-06
aarq,ackley,30,1,254,25246,4.962449e-06
aarq,ackley,30,1,255,25345,4.324055e-06
aarq,ackley,30,1,256,25444,4.324055e-06
aarq,ackley,30,1,257,25543,3.72093e-06
aarq,ackley,30,1,258,25642,3.454955e-06
aarq,ackley,30,1,259,25741,3.220634e-06
aarq,ackley,30,1,260,25840,2.869835e-06
aarq,ackley,30,1,261,25939,2.739178e-06
aarq,ackley,30,1,262,26038,2.739178e-06
aarq,ackley,30,1,263,26137,2.55627e-06
aarq,ackley,30,1,264,26236,2.388352e-06
aarq,ackley,30,1,265,26335,2.388352e-06
aarq,ackley,30,1,266,26434,2.078699e-06
aarq,ackley,30,1,267,26533,1.968542e-06
aarq,ackley,30,1,268,26632,1.679478e-06
aarq,ackley,30,1,269,26731,1.661114e-06
aarq,ackley,30,1,270,26830,1.620962e-06
aarq,ackley,30,1,271,26929,1.474289e-06
aarq,ackley,30,1,272,27028,1.445167e-06
aarq,ackley,30,1,273,27127,1.295855e-06
aarq,ackley,30,1,274,27226,1.149556e-06
aarq,ackley,30,1,275,27325,1.149556e-06
aarq,ackley,30,1,276,27424,1.068822e-06
aarq,ackley,30,1,277,27523,9.88498e-07
aarq,ackley,30,1,278,27622,8.17908e-07
aarq,ackley,30,1,279,27721,8.17908e-07
aarq,ackley,30,1,280,27820,8.17836e-07
aarq,ackley,30,1,281,27919,6.97958e-07
aarq,ackley,30,1,282,28018,6.97958e-07
aarq,ackley,30,1,283,28117,6.63767e-07
aarq,ackley,30,1,284,28216,6.57252e-07
aarq,ackley,30,1,285,28315,5.78563e-07
aarq,ackley,30,1,286,28414,5.3897e-07
aarq,ackley,30,1,287,28513,4.53889e-07
aarq,ackley,30,1,288,28612,4.4696e-07
aarq,ackley,30,1,289,28711,4.40738e-07
aarq,ackley,30,1,290,28810,4.02509e-07
aarq,ackley,30,1,291,28909,3.76616e-07
aarq,ackley,30,1,292,29008,3.32436e-07
aarq,ackley,30,1,293,29107,3.17092e-07
aarq,ackley,30,1,294,29206,2.6417e-07
aarq,ackley,30,1,295,29305,2.09515e-07
aarq,ackley,30,1,296,29404,2.09515e-07
aarq,ackley,30,1,297,29503,2.09515e-07
aarq,ackley,30,1,298,29602,1.97682e-07
aarq,ackley,30,1,299,29701,1.86816e-07
aarq,ackley,30,1,300,29800,1.63518e-07
aarq,ackley,30,1,301,29899,1.63518e-07
aarq,ackley,30,1,302,29998,1.27102e-07
aarq,ackley,30,1,303,30097,1.17317e-07
aarq,ackley,30,1,304,30196,1.17317e-07
aarq,ackley,30,1,305,30295,1.12208e-07
aarq,ackley,30,1,306,30394,1.0633e-07
aarq,ackley,30,1,307,30493,1.0366e-07
aarq,ackley,30,1,308,30592,9.5483e-08
aarq,ackley,30,1,309,30691,9.2528e-08
aarq,ackley,30,1,310,30790,8.314e-08
aarq,ackley,30,1,311,30889,7.7123e-08
aarq,ackley,30,1,312,30988,7.1755e-08
aarq,ackley,30,1,313,31087,6.4817e-08
aarq,ackley,30,1,314,31186,6.0411e-08
aarq,ackley,30,1,315,31285,5.6098e-08
aarq,ackley,30,1,316,31384,5.592e-08
aarq,ackley,30,1,317,31483,4.8635e-08
aarq,ackley,30,1,318,31582,4.4512e-08
aarq,ackley,30,1,319,31681,4.4512e-08
aarq,ackley,30,1,320,31780,3.9277e-08
aarq,ackley,30,1,321,31879,3.8555e-08
aarq,ackley,30,1,322,31978,3.2959e-08
aarq,ackley,30,1,323,32077,3.027e-08
aarq,ackley,30,1,324,32176,2.7709e-08
aarq,ackley,30,1,325,32275,2.5147e-08
aarq,ackley,30,1,326,32374,2.5147e-08
aarq,ackley,30,1,327,32473,2.3635e-08
aarq,ackley,30,1,328,32572,2.1673e-08
aarq,ackley,30,1,329,32671,2.1225e-08
aarq,ackley,30,1,330,32770,2.1138e-08
aarq,ackley,30,1,331,32869,1.9588e-08
aarq,ackley,30,1,332,32968,1.7784e-08
aarq,ackley,30,1,333,33067,1.7784e-08
aarq,ackley,30,1,334,33166,1.3529e-08
aarq,ackley,30,1,335,33265,1.3019e-08
aarq,ackley,30,1,336,33364,1.3019e-08
aarq,ackley,30,1,337,33463,1.1178e-08
aarq,ackley,30,1,338,33562,1.0642e-08
aarq,ackley,30,1,339,33661,8.744e-09
aarq,ackley,30,1,340,33760,8.744e-09
aarq,ackley,30,1,341,33859,8.744e-09
aarq,ackley,30,1,342,33958,8.744e-09
aarq,ackley,30,1,343,34057,8e-09
aarq,ackley,30,1,344,34156,6.888e-09
aarq,ackley,30,1,345,34255,6.65e-09
aarq,ackley,30,1,346,34354,6.438e-09
aarq,ackley,30,1,347,34453,5.882e-09
aarq,ackley,30,1,348,34552,5.551e-09
aarq,ackley,30,1,349,34651,4.324e-09
aarq,ackley,30,1,350,34750,4.099e-09
aarq,ackley,30,1,351,34849,3.959e-09
aarq,ackley,30,1,352,34948,3.539e-09
aarq,ackley,30,1,353,35047,3.539e-09
aarq,ackley,30,1,354,35146,3.188e-09
aarq,ackley,30,1,355,35245,2.791e-09
aarq,ackley,30,1,356,35344,2.791e-09
aarq,ackley,30,1,357,35443,2.586e-09
aarq,ackley,30,1,358,35542,2.137e-09
aarq,ackley,30,1,359,35641,2.128e-09
aarq,ackley,30,1,360,35740,2.128e-09
aarq,ackley,30,1,361,35839,1.894e-09
aarq,ackley,30,1,362,35938,1.736e-09
aarq,ackley,30,1,363,36037,1.675e-09
aarq,ackley,30,1,364,36136,1.545e-09
aarq,ackley,30,1,365,36235,1.378e-09
aarq,ackley,30,1,366,36334,1.327e-09
aarq,ackley,30,1,367,36433,1.204e-09
aarq,ackley,30,1,368,36532,1.176e-09
aarq,ackley,30,1,369,36631,1.167e-09
aarq,ackley,30,1,370,36730,1.035e-09
aarq,ackley,30,1,371,36829,1.033e-09
aarq,ackley,30,1,372,36928,9e-10
aarq,ackley,30,1,373,37027,8.54e-10
aarq,ackley,30,1,374,37126,7.9e-10
aarq,ackley,30,1,375,37225,6.38e-10
aarq,ackley,30,1,376,37324,6.38e-10
aarq,ackley,30,1,377,37423,5.94e-10
aarq,ackley,30,1,378,37522,5.5e-10
aarq,ackley,30,1,379,37621,5.5e-10
aarq,ackley,30,1,380,37720,5.08e-10
aarq,ackley,30,1,381,37819,4.77e-10
aarq,ackley,30,1,382,37918,4.47e-10
aarq,ackley,30,1,383,38017,4.17e-10
aarq,ackley,30,1,384,38116,3.29e-10
aarq,ackley,30,1,385,38215,3.15e-10
aarq,ackley,30,1,386,38314,3.11e-10
aarq,ackley,30,1,387,38413,2.99e-10
aarq,ackley,30,1,388,38512,2.62e-10
aarq,ackley,30,1,389,38611,2.38e-10
aarq,ackley,30,1,390,38710,2.08e-10
aarq,ackley,30,1,391,38809,1.99e-10
aarq,ackley,30,1,392,38908,1.78e-10
aarq,ackley,30,1,393,39007,1.66e-10
aarq,ackley,30,1,394,39106,1.51e-10
aarq,ackley,30,1,395,39205,1.37e-10
aarq,ackley,30,1,396,39304,1.27e-10
aarq,ackley,30,1,397,39403,1.27e-10
aarq,ackley,30,1,398,39502,1.16e-10
aarq,ackley,30,1,399,39601,1.12e-10
aarq,ackley,30,1,400,39700,9.8e-11
aarq,ackley,30,1,401,39799,9.4e-11
aarq,ackley,30,1,402,39898,8e-11
aarq,ackley,30,1,403,39997,8e-11
aarq,ackley,30,1,404,40096,7.5e-11
aarq,ackley,30,1,405,40195,6.5e-11
aarq,ackley,30,1,406,40294,6.5e-11
aarq,ackley,30,1,407,40393,6.4e-11
aarq,ackley,30,1,408,40492,5.3e-11
aarq,ackley,30,1,409,40591,5.3e-11
aarq,ackley,30,1,410,40690,4.8e-11
aarq,ackley,30,1,411,40789,4.1e-11
aarq,ackley,30,1,412,40888,4e-11
aarq,ackley,30,1,413,40987,3.3e-11
aarq,ackley,30,1,414,41086,3.3e-11
aarq,ackley,30,1,415,41185,3.3e-11
aarq,ackley,30,1,416,41284,3.1e-11
aarq,ackley,30,1,417,41383,3.1e-11
aarq,ackley,30,1,418,41482,2.7e-11
aarq,ackley,30,1,419,41581,2.6e-11
aarq,ackley,30,1,420,41680,2.4e-11
aarq,ackley,30,1,421,41779,2.2e-11
aarq,ackley,30,1,422,41878,2.1e-11
aarq,ackley,30,1,423,41977,1.9e-11
aarq,ackley,30,1,424,42076,1.8e-11
aarq,ackley,30,1,425,42175,1.8e-11
aarq,ackley,30,1,426,42274,1.6e-11
aarq,ackley,30,1,427,42373,1.5e-11
aarq,ackley,30,1,428,42472,1.4e-11
aarq,ackley,30,1,429,42571,1.3e-11
aarq,ackley,30,1,430,42670,1.2e-11
aarq,ackley,30,1,431,42769,1.2e-11
aarq,ackley,30,1,432,42868,1.1e-11
aarq,ackley,30,1,433,42967,1e-11
aarq,ackley,30,1,434,43066,1e-11
aarq,ackley,30,1,435,43165,9e-12
aarq,ackley,30,1,436,43264,9e-12
aarq,ackley,30,1,437,43363,8e-12
aarq,ackley,30,1,438,43462,7e-12
aarq,ackley,30,1,439,43561,7e-12
aarq,ackley,30,1,440,43660,6e-12
aarq,ackley,30,1,441,43759,6e-12
aarq,ackley,30,1,442,43858,5e-12
aarq,ackley,30,1,443,43957,5e-12
aarq,ackley,30,1,444,44056,5e-12
aarq,ackley,30,1,445,44155,4e-12
aarq,ackley,30,1,446,44254,4e-12
aarq,ackley,30,1,447,44353,4e-12
aarq,ackley,30,1,448,44452,3e-12
aarq,ackley,30,1,449,44551,3e-12
aarq,ackley,30,1,450,44650,3e-12
aarq,ackley,30,1,451,44749,2e-12
aarq,ackley,30,1,452,44848,2e-12
aarq,ackley,30,1,453,44947,2e-12
aarq,ackley,30,1,454,45046,2e-12
aarq,ackley,30,1,455,45145,2e-12
aarq,ackley,30,1,456,45244,2e-12
aarq,ackley,30,1,457,45343,2e-12
aarq,ackley,30,1,458,45442,2e-12
aarq,ackley,30,1,459,45541,2e-12
aarq,ackley,30,1,460,45640,2e-12
aarq,ackley,30,1,461,45739,2e-12
aarq,ackley,30,1,462,45838,2e-12
aarq,ackley,30,1,463,45937,2e-12
aarq,ackley,30,1,464,46036,2e-12
aarq,ackley,30,1,465,46135,1e-12
aarq,ackley,30,1,466,46234,1e-12
aarq,ackley,30,1,467,46333,1e-12
aarq,ackley,30,1,468,46432,1e-12
aarq,ackley,30,1,469,46531,1e-12
aarq,ackley,30,1,470,46630,1e-12
aarq,ackley,30,1,471,46729,1e-12
aarq,ackley,30,1,472,46828,1e-12
aarq,ackley,30,1,473,46927,1e-12
aarq,ackley,30,1,474,47026,1e-12
aarq,ackley,30,1,475,47125,1e-12
aarq,ackley,30,1,476,47224,1e-12
aarq,ackley,30,1,477,47323,1e-12
aarq,ackley,30,1,478,47422,1e-12
aarq,ackley,30,1,479,47521,1e-12
aarq,ackley,30,1,480,47620,1e-12
aarq,ackley,30,1,481,47719,1e-12
aarq,ackley,30,1,482,47818,1e-12
aarq,ackley,30,1,483,47917,1e-12
aarq,ackley,30,1,484,48016,1e-12
aarq,ackley,30,1,485,48115,1e-12
aarq,ackley,30,1,486,48214,1e-12
aarq,ackley,30,1,487,48313,1e-12
aarq,ackley,30,1,488,48412,1e-12
aarq,ackley,30,1,489,48511,1e-12
aarq,ackley,30,1,490,48610,1e-12
aarq,ackley,30,1,491,48709,1e-12
aarq,ackley,30,1,492,48808,1e-12
aarq,ackley,30,1,493,48907,1e-12
aarq,ackley,30,1,494,49006,1e-12
aarq,ackley,30,1,495,49105,1e-12
aarq,ackley,30,1,496,49204,1e-12
aarq,ackley,30,1,497,49303,1e-12
aarq,ackley,30,1,498,49402,1e-12
aarq,ackley,30,1,499,49501,1e-12
aarq,ackley,30,1,500,49600,1e-12
aarq,ackley,30,1,501,49699,1e-12
aarq,ackley,30,1,502,49798,1e-12
aarq,ackley,30,1,503,49897,1e-12
aarq,ackley,30,1,504,49996,1e-12
aarq,ackley,30,1,505,50095,1e-12
aarq,ackley,30,1,506,50194,1e-12
aarq,ackley,30,1,507,50293,1e-12
aarq,ackley,30,1,508,50392,1e-12
aarq,ackley,30,1,509,50491,1e-12
aarq,ackley,30,1,510,50590,1e-12
aarq,ackley,30,1,511,50689,1e-12
aarq,ackley,30,1,512,50788,1e-12
aarq,ackley,30,1,513,50887,1e-12
aarq,ackley,30,1,514,50986,1e-12
aarq,ackley,30,1,515,51085,1e-12
aarq,ackley,30,1,516,51184,1e-12
aarq,ackley,30,1,517,51283,0
aarq,ackley,30,1,518,51382,0
aarq,ackley,30,1,519,51481,0
aarq,ackley,30,1,520,51580,0
aarq,ackley,30,1,521,51679,0
aarq,ackley,30,1,522,51778,0
aarq,ackley,30,1,523,51877,0
aarq,ackley,30,1,524,51976,0
aarq,ackley,30,1,525,52075,0
aarq,ackley,30,1,526,52174,0
aarq,ackley,30,1,527,52273,0
aarq,ackley,30,1,528,52372,0
aarq,ackley,30,1,529,52471,0
aarq,ackley,30,1,530,52570,0
aarq,ackley,30,1,531,52669,0
aarq,ackley,30,1,532,52768,0
aarq,ackley,30,1,533,52867,0
aarq,ackley,30,1,534,52966,0
aarq,ackley,30,1,535,53065,0
aarq,ackley,30,1,536,53164,0
aarq,ackley,30,1,537,53263,0
aarq,ackley,30,1,538,53362,0
aarq,ackley,30,1,539,53461,0
aarq,ackley,30,1,540,53560,0
aarq,ackley,30,1,541,53659,0
aarq,ackley,30,1,542,53758,0
aarq,ackley,30,1,543,53857,0
aarq,ackley,30,1,544,53956,0
aarq,ackley,30,1,545,54055,0
aarq,ackley,30,1,546,54154,0
aarq,ackley,30,1,547,54253,0
aarq,ackley,30,1,548,54352,0
aarq,ackley,30,1,549,54451,0
aarq,ackley,30,1,550,54550,0
aarq,ackley,30,1,551,54649,0
aarq,ackley,30,1,552,54748,0
aarq,ackley,30,1,553,54847,0
aarq,ackley,30,1,554,54946,0
aarq,ackley,30,1,555,55045,0
aarq,ackley,30,1,556,55144,0
aarq,ackley,30,1,557,55243,0
aarq,ackley,30,1,558,55342,0
aarq,ackley,30,1,559,55441,0
aarq,ackley,30,1,560,55540,0
aarq,ackley,30,1,561,55639,0
aarq,ackley,30,1,562,55738,0
aarq,ackley,30,1,563,55837,0
aarq,ackley,30,1,564,55936,0
aarq,ackley,30,1,565,56035,0
aarq,ackley,30,1,566,56134,0
aarq,ackley,30,1,567,56233,0
aarq,ackley,30,1,568,56332,0
aarq,ackley,30,1,569,56431,0
aarq,ackley,30,1,570,56530,0
aarq,ackley,30,1,571,56629,0
aarq,ackley,30,1,572,56728,0
aarq,ackley,30,1,573,56827,0
aarq,ackley,30,1,574,56926,0
aarq,ackley,30,1,575,57025,0
aarq,ackley,30,1,576,57124,0
aarq,ackley,30,1,577,57223,0
aarq,ackley,30,1,578,57322,0
aarq,ackley,30,1,579,57421,0
aarq,ackley,30,1,580,57520,0
aarq,ackley,30,1,581,57619,0
aarq,ackley,30,1,582,57718,0
aarq,ackley,30,1,583,57817,0
aarq,ackley,30,1,584,57916,0
aarq,ackley,30,1,585,58015,0
aarq,ackley,30,1,586,58114,0
aarq,ackley,30,1,587,58213,0
aarq,ackley,30,1,588,58312,0
aarq,ackley,30,1,589,58411,0
aarq,ackley,30,1,590,58510,0
aarq,ackley,30,1,591,58609,0
aarq,ackley,30,1,592,58708,0
aarq,ackley,30,1,593,58807,0
aarq,ackley,30,1,594,58906,0
aarq,ackley,30,1,595,59005,0
aarq,ackley,30,1,596,59104,0
aarq,ackley,30,1,597,59203,0
aarq,ackley,30,1,598,59302,0
aarq,ackley,30,1,599,59401,0
aarq,ackley,30,1,600,59500,0
aarq,ackley,30,1,601,59599,0
aarq,ackley,30,1,602,59698,0
aarq,ackley,30,1,603,59797,0
aarq,ackley,30,1,604,59896,0
aarq,ackley,30,1,605,59995,0
aarq,ackley,30,1,606,60094,0
aarq,ackley,30,1,607,60193,0
aarq,ackley,30,1,608,60292,0
aarq,ackley,30,1,609,60391,0
aarq,ackley,30,1,610,60490,0
aarq,ackley,30,1,611,60589,0
aarq,ackley,30,1,612,60688,0
aarq,ackley,30,1,613,60787,0
aarq,ackley,30,1,614,60886,0
aarq,ackley,30,1,615,60985,0
aarq,ackley,30,1,616,61084,0
aarq,ackley,30,1,617,61183,0
aarq,ackley,30,1,618,61282,0
aarq,ackley,30,1,619,61381,0
aarq,ackley,30,1,620,61480,0
aarq,ackley,30,1,621,61579,0
aarq,ackley,30,1,622,61678,0
aarq,ackley,30,1,623,61777,0
aarq,ackley,30,1,624,61876,0
aarq,ackley,30,1,625,61975,0
aarq,ackley,30,1,626,62074,0
aarq,ackley,30,1,627,62173,0
aarq,ackley,30,1,628,62272,0
aarq,ackley,30,1,629,62371,0
aarq,ackley,30,1,630,62470,0
aarq,ackley,30,1,631,62569,0
aarq,ackley,30,1,632,62668,0
aarq,ackley,30,1,633,62767,0
aarq,ackley,30,1,634,62866,0
aarq,ackley,30,1,635,62965,0
aarq,ackley,30,1,636,63064,0
aarq,ackley,30,1,637,63163,0
aarq,ackley,30,1,638,63262,0
aarq,ackley,30,1,639,63361,0
aarq,ackley,30,1,640,63460,0
aarq,ackley,30,1,641,63559,0
aarq,ackley,30,1,642,63658,0
aarq,ackley,30,1,643,63757,0
aarq,ackley,30,1,644,63856,0
aarq,ackley,30,1,645,63955,0
aarq,ackley,30,1,646,64054,0
aarq,ackley,30,1,647,64153,0
aarq,ackley,30,1,648,64252,0
aarq,ackley,30,1,649,64351,0
aarq,ackley,30,1,650,64450,0
aarq,ackley,30,1,651,64549,0
aarq,ackley,30,1,652,64648,0
aarq,ackley,30,1,653,64747,0
aarq,ackley,30,1,654,64846,0
aarq,ackley,30,1,655,64945,0
aarq,ackley,30,1,656,65044,0
aarq,ackley,30,1,657,65143,0
aarq,ackley,30,1,658,65242,0
aarq,ackley,30,1,659,65341,0
aarq,ackley,30,1,660,65440,0
aarq,ackley,30,1,661,65539,0
aarq,ackley,30,1,662,65638,0
aarq,ackley,30,1,663,65737,0
aarq,ackley,30,1,664,65836,0
aarq,ackley,30,1,665,65935,0
aarq,ackley,30,1,666,66034,0
aarq,ackley,30,1,667,66133,0
aarq,ackley,30,1,668,66232,0
aarq,ackley,30,1,669,66331,0
aarq,ackley,30,1,670,66430,0
aarq,ackley,30,1,671,66529,0
aarq,ackley,30,1,672,66628,0
aarq,ackley,30,1,673,66727,0
aarq,ackley,30,1,674,66826,0
aarq,ackley,30,1,675,66925,0
aarq,ackley,30,1,676,67024,0
aarq,ackley,30,1,677,67123,0
aarq,ackley,30,1,678,67222,0
aarq,ackley,30,1,679,67321,0
aarq,ackley,30,1,680,67420,0
aarq,ackley,30,1,681,67519,0
aarq,ackley,30,1,682,67618,0
aarq,ackley,30,1,683,67717,0
aarq,ackley,30,1,684,67816,0
aarq,ackley,30,1,685,67915,0
aarq,ackley,30,1,686,68014,0
aarq,ackley,30,1,687,68113,0
aarq,ackley,30,1,688,68212,0
aarq,ackley,30,1,689,68311,0
aarq,ackley,30,1,690,68410,0
aarq,ackley,30,1,691,68509,0
aarq,ackley,30,1,692,68608,0
aarq,ackley,30,1,693,68707,0
aarq,ackley,30,1,694,68806,0
aarq,ackley,30,1,695,68905,0
aarq,ackley,30,1,696,69004,0
aarq,ackley,30,1,697,69103,0
aarq,ackley,30,1,698,69202,0
aarq,ackley,30,1,699,69301,0
aarq,ackley,30,1,700,69400,0
aarq,ackley,30,1,701,69499,0
aarq,ackley,30,1,702,69598,0
aarq,ackley,30,1,703,69697,0
aarq,ackley,30,1,704,69796,0
aarq,ackley,30,1,705,69895,0
aarq,ackley,30,1,706,69994,0
aarq,ackley,30,1,707,70093,0
aarq,ackley,30,1,708,70192,0
aarq,ackley,30,1,709,70291,0
aarq,ackley,30,1,710,70390,0
aarq,ackley,30,1,711,70489,0
aarq,ackley,30,1,712,70588,0
aarq,ackley,30,1,713,70687,0
aarq,ackley,30,1,714,70786,0
aarq,ackley,30,1,715,70885,0
aarq,ackley,30,1,716,70984,0
aarq,ackley,30,1,717,71083,0
aarq,ackley,30,1,718,71182,0
aarq,ackley,30,1,719,71281,0
aarq,ackley,30,1,720,71380,0
aarq,ackley,30,1,721,71479,0
aarq,ackley,30,1,722,71578,0
aarq,ackley,30,1,723,71677,0
aarq,ackley,30,1,724,71776,0
aarq,ackley,30,1,725,71875,0
aarq,ackley,30,1,726,71974,0
aarq,ackley,30,1,727,72073,0
aarq,ackley,30,1,728,72172,0
aarq,ackley,30,1,729,72271,0
aarq,ackley,30,1,730,72370,0
aarq,ackley,30,1,731,72469,0
aarq,ackley,30,1,732,72568,0
aarq,ackley,30,1,733,72667,0
aarq,ackley,30,1,734,72766,0
aarq,ackley,30,1,735,72865,0
aarq,ackley,30,1,736,72964,0
aarq,ackley,30,1,737,73063,0
aarq,ackley,30,1,738,73162,0
aarq,ackley,30,1,739,73261,0
aarq,ackley,30,1,740,73360,0
aarq,ackley,30,1,741,73459,0
aarq,ackley,30,1,742,73558,0
aarq,ackley,30,1,743,73657,0
aarq,ackley,30,1,744,73756,0
aarq,ackley,30,1,745,73855,0
aarq,ackley,30,1,746,73954,0
aarq,ackley,30,1,747,74053,0
aarq,ackley,30,1,748,74152,0
aarq,ackley,30,1,749,74251,0
aarq,ackley,30,1,750,74350,0
aarq,ackley,30,1,751,74449,0
aarq,ackley,30,1,752,74548,0
aarq,ackley,30,1,753,74647,0
aarq,ackley,30,1,754,74746,0
aarq,ackley,30,1,755,74845,0
aarq,ackley,30,1,756,74944,0
aarq,ackley,30,1,757,75043,0
aarq,ackley,30,1,758,75142,0
aarq,ackley,30,1,759,75241,0
aarq,ackley,30,1,760,75340,0
aarq,ackley,30,1,761,75439,0
aarq,ackley,30,1,762,75538,0
aarq,ackley,30,1,763,75637,0
aarq,ackley,30,1,764,75736,0
aarq,ackley,30,1,765,75835,0
aarq,ackley,30,1,766,75934,0
aarq,ackley,30,1,767,76033,0
aarq,ackley,30,1,768,76132,0
aarq,ackley,30,1,769,76231,0
aarq,ackley,30,1,770,76330,0
aarq,ackley,30,1,771,76429,0
aarq,ackley,30,1,772,76528,0
aarq,ackley,30,1,773,76627,0
aarq,ackley,30,1,774,76726,0
aarq,ackley,30,1,775,76825,0
aarq,ackley,30,1,776,76924,0
aarq,ackley,30,1,777,77023,0
aarq,ackley,30,1,778,77122,0
aarq,ackley,30,1,779,77221,0
aarq,ackley,30,1,780,77320,0
aarq,ackley,30,1,781,77419,0
aarq,ackley,30,1,782,77518,0
aarq,ackley,30,1,783,77617,0
aarq,ackley,30,1,784,77716,0
aarq,ackley,30,1,785,77815,0
aarq,ackley,30,1,786,77914,0
aarq,ackley,30,1,787,78013,0
aarq,ackley,30,1,788,78112,0
aarq,ackley,30,1,789,78211,0
aarq,ackley,30,1,790,78310,0
aarq,ackley,30,1,791,78409,0
aarq,ackley,30,1,792,78508,0
aarq,ackley,30,1,793,78607,0
aarq,ackley,30,1,794,78706,0
aarq,ackley,30,1,795,78805,0
aarq,ackley,30,1,796,78904,0
aarq,ackley,30,1,797,79003,0
aarq,ackley,30,1,798,79102,0
aarq,ackley,30,1,799,79201,0
aarq,ackley,30,1,800,79300,0
aarq,ackley,30,1,801,79399,0
aarq,ackley,30,1,802,79498,0
aarq,ackley,30,1,803,79597,0
aarq,ackley,30,1,804,79696,0
aarq,ackley,30,1,805,79795,0
aarq,ackley,30,1,806,79894,0
aarq,ackley,30,1,807,79993,0
aarq,ackley,30,1,808,80092,0
aarq,ackley,30,1,809,80191,0
aarq,ackley,30,1,810,80290,0
aarq,ackley,30,1,811,80389,0
aarq,ackley,30,1,812,80488,0
aarq,ackley,30,1,813,80587,0
aarq,ackley,30,1,814,80686,0
aarq,ackley,30,1,815,80785,0
aarq,ackley,30,1,816,80884,0
aarq,ackley,30,1,817,80983,0
aarq,ackley,30,1,818,81082,0
aarq,ackley,30,1,819,81181,0
aarq,ackley,30,1,820,81280,0
aarq,ackley,30,1,821,81379,0
aarq,ackley,30,1,822,81478,0
aarq,ackley,30,1,823,81577,0
aarq,ackley,30,1,824,81676,0
aarq,ackley,30,1,825,81775,0
aarq,ackley,30,1,826,81874,0
aarq,ackley,30,1,827,81973,0
aarq,ackley,30,1,828,82072,0
aarq,ackley,30,1,829,82171,0
aarq,ackley,30,1,830,82270,0
aarq,ackley,30,1,831,82369,0
aarq,ackley,30,1,832,82468,0
aarq,ackley,30,1,833,82567,0
aarq,ackley,30,1,834,82666,0
aarq,ackley,30,1,835,82765,0
aarq,ackley,30,1,836,82864,0
aarq,ackley,30,1,837,82963,0
aarq,ackley,30,1,838,83062,0
aarq,ackley,30,1,839,83161,0
aarq,ackley,30,1,840,83260,0
aarq,ackley,30,1,841,83359,0
aarq,ackley,30,1,842,83458,0
aarq,ackley,30,1,843,83557,0
aarq,ackley,30,1,844,83656,0
aarq,ackley,30,1,845,83755,0
aarq,ackley,30,1,846,83854,0
aarq,ackley,30,1,847,83953,0
aarq,ackley,30,1,848,84052,0
aarq,ackley,30,1,849,84151,0
aarq,ackley,30,1,850,84250,0
aarq,ackley,30,1,851,84349,0
aarq,ackley,30,1,852,84448,0
aarq,ackley,30,1,853,84547,0
aarq,ackley,30,1,854,84646,0
aarq,ackley,30,1,855,84745,0
aarq,ackley,30,1,856,84844,0
aarq,ackley,30,1,857,84943,0
aarq,ackley,30,1,858,85042,0
aarq,ackley,30,1,859,85141,0
aarq,ackley,30,1,860,85240,0
aarq,ackley,30,1,861,85339,0
aarq,ackley,30,1,862,85438,0
aarq,ackley,30,1,863,85537,0
aarq,ackley,30,1,864,85636,0
aarq,ackley,30,1,865,85735,0
aarq,ackley,30,1,866,85834,0
aarq,ackley,30,1,867,85933,0
aarq,ackley,30,1,868,86032,0
aarq,ackley,30,1,869,86131,0
aarq,ackley,30,1,870,86230,0
aarq,ackley,30,1,871,86329,0
aarq,ackley,30,1,872,86428,0
aarq,ackley,30,1,873,86527,0
aarq,ackley,30,1,874,86626,0
aarq,ackley,30,1,875,86725,0
aarq,ackley,30,1,876,86824,0
aarq,ackley,30,1,877,86923,0
aarq,ackley,30,1,878,87022,0
aarq,ackley,30,1,879,87121,0
aarq,ackley,30,1,880,87220,0
aarq,ackley,30,1,881,87319,0
aarq,ackley,30,1,882,87418,0
aarq,ackley,30,1,883,87517,0
aarq,ackley,30,1,884,87616,0
aarq,ackley,30,1,885,87715,0
aarq,ackley,30,1,886,87814,0
aarq,ackley,30,1,887,87913,0
aarq,ackley,30,1,888,88012,0
aarq,ackley,30,1,889,88111,0
aarq,ackley,30,1,890,88210,0
aarq,ackley,30,1,891,88309,0
aarq,ackley,30,1,892,88408,0
aarq,ackley,30,1,893,88507,0
aarq,ackley,30,1,894,88606,0
aarq,ackley,30,1,895,88705,0
aarq,ackley,30,1,896,88804,0
aarq,ackley,30,1,897,88903,0
aarq,ackley,30,1,898,89002,0
aarq,ackley,30,1,899,89101,0
aarq,ackley,30,1,900,89200,0
aarq,ackley,30,1,901,89299,0
aarq,ackley,30,1,902,89398,0
aarq,ackley,30,1,903,89497,0
aarq,ackley,30,1,904,89596,0
aarq,ackley,30,1,905,89695,0
aarq,ackley,30,1,906,89794,0
aarq,ackley,30,1,907,89893,0
aarq,ackley,30,1,908,89992,0
aarq,ackley,30,1,909,90091,0
aarq,ackley,30,1,910,90190,0
aarq,ackley,30,1,911,90289,0
aarq,ackley,30,1,912,90388,0
aarq,ackley,30,1,913,90487,0
aarq,ackley,30,1,914,90586,0
aarq,ackley,30,1,915,90685,0
aarq,ackley,30,1,916,90784,0
aarq,ackley,30,1,917,90883,0
aarq,ackley,30,1,918,90982,0
aarq,ackley,30,1,919,91081,0
aarq,ackley,30,1,920,91180,0
aarq,ackley,30,1,921,91279,0
aarq,ackley,30,1,922,91378,0
aarq,ackley,30,1,923,91477,0
aarq,ackley,30,1,924,91576,0
aarq,ackley,30,1,925,91675,0
aarq,ackley,30,1,926,91774,0
aarq,ackley,30,1,927,91873,0
aarq,ackley,30,1,928,91972,0
aarq,ackley,30,1,929,92071,0
aarq,ackley,30,1,930,92170,0
aarq,ackley,30,1,931,92269,0
aarq,ackley,30,1,932,92368,0
aarq,ackley,30,1,933,92467,0
aarq,ackley,30,1,934,92566,0
aarq,ackley,30,1,935,92665,0
aarq,ackley,30,1,936,92764,0
aarq,ackley,30,1,937,92863,0
aarq,ackley,30,1,938,92962,0
aarq,ackley,30,1,939,93061,0
aarq,ackley,30,1,940,93160,0
aarq,ackley,30,1,941,93259,0
aarq,ackley,30,1,942,93358,0
aarq,ackley,30,1,943,93457,0
aarq,ackley,30,1,944,93556,0
aarq,ackley,30,1,945,93655,0
aarq,ackley,30,1,946,93754,0
aarq,ackley,30,1,947,93853,0
aarq,ackley,30,1,948,93952,0
aarq,ackley,30,1,949,94051,0
aarq,ackley,30,1,950,94150,0
aarq,ackley,30,1,951,94249,0
aarq,ackley,30,1,952,94348,0
aarq,ackley,30,1,953,94447,0
aarq,ackley,30,1,954,94546,0
aarq,ackley,30,1,955,94645,0
aarq,ackley,30,1,956,94744,0
aarq,ackley,30,1,957,94843,0
aarq,ackley,30,1,958,94942,0
aarq,ackley,30,1,959,95041,0
aarq,ackley,30,1,960,95140,0
aarq,ackley,30,1,961,95239,0
aarq,ackley,30,1,962,95338,0
aarq,ackley,30,1,963,95437,0
aarq,ackley,30,1,964,95536,0
aarq,ackley,30,1,965,95635,0
aarq,ackley,30,1,966,95734,0
aarq,ackley,30,1,967,95833,0
aarq,ackley,30,1,968,95932,0
aarq,ackley,30,1,969,96031,0
aarq,ackley,30,1,970,96130,0
aarq,ackley,30,1,971,96229,0
aarq,ackley,30,1,972,96328,0
aarq,ackley,30,1,973,96427,0
aarq,ackley,30,1,974,96526,0
aarq,ackley,30,1,975,96625,0
aarq,ackley,30,1,976,96724,0
aarq,ackley,30,1,977,96823,0
aarq,ackley,30,1,978,96922,0
aarq,ackley,30,1,979,97021,0
aarq,ackley,30,1,980,97120,0
aarq,ackley,30,1,981,97219,0
aarq,ackley,30,1,982,97318,0
aarq,ackley,30,1,983,97417,0
aarq,ackley,30,1,984,97516,0
aarq,ackley,30,1,985,97615,0
aarq,ackley,30,1,986,97714,0
aarq,ackley,30,1,987,97813,0
aarq,ackley,30,1,988,97912,0
aarq,ackley,30,1,989,98011,0
aarq,ackley,30,1,990,98110,0
aarq,ackley,30,1,991,98209,0
aarq,ackley,30,1,992,98308,0
aarq,ackley,30,1,993,98407,0
aarq,ackley,30,1,994,98506,0
aarq,ackley,30,1,995,98605,0
aarq,ackley,30,1,996,98704,0
aarq,ackley,30,1,997,98803,0
aarq,ackley,30,1,998,98902,0
aarq,ackley,30,1,999,99001,0
aarq,ackley,30,1,1000,99100,0
aarq,ackley,30,1,1001,99199,0
aarq,ackley,30,1,1002,99298,0
aarq,ackley,30,1,1003,99397,0
aarq,ackley,30,1,1004,99496,0
aarq,ackley,30,1,1005,99595,0
aarq,ackley,30,1,1006,99694,0
aarq,ackley,30,1,1007,99793,0
aarq,ackley,30,1,1008,99892,0
aarq,ackley,30,1,1009,99991,0
aarq,ackley,30,1,1010,100090,0
aarq,ackley,30,1,1011,100189,0
aarq,ackley,30,1,1012,100288,0
aarq,ackley,30,1,1013,100387,0
aarq,ackley,30,1,1014,100486,0
aarq,ackley,30,1,1015,100585,0
aarq,ackley,30,1,1016,100684,0
aarq,ackley,30,1,1017,100783,0
aarq,ackley,30,1,1018,100882,0
aarq,ackley,30,1,1019,100981,0
aarq,ackley,30,1,1020,101080,0
aarq,ackley,30,1,1021,101179,0
aarq,ackley,30,1,1022,101278,0
aarq,ackley,30,1,1023,101377,0
aarq,ackley,30,1,1024,101476,0
aarq,ackley,30,1,1025,101575,0
aarq,ackley,30,1,1026,101674,0
aarq,ackley,30,1,1027,101773,0
aarq,ackley,30,1,1028,101872,0
aarq,ackley,30,1,1029,101971,0
aarq,ackley,30,1,1030,102070,0
aarq,ackley,30,1,1031,102169,0
aarq,ackley,30,1,1032,102268,0
aarq,ackley,30,1,1033,102367,0
aarq,ackley,30,1,1034,102466,0
aarq,ackley,30,1,1035,102565,0
aarq,ackley,30,1,1036,102664,0
aarq,ackley,30,1,1037,102763,0
aarq,ackley,30,1,1038,102862,0
aarq,ackley,30,1,1039,102961,0
aarq,ackley,30,1,1040,103060,0
aarq,ackley,30,1,1041,103159,0
aarq,ackley,30,1,1042,103258,0
aarq,ackley,30,1,1043,103357,0
aarq,ackley,30,1,1044,103456,0
aarq,ackley,30,1,1045,103555,0
aarq,ackley,30,1,1046,103654,0
aarq,ackley,30,1,1047,103753,0
aarq,ackley,30,1,1048,103852,0
aarq,ackley,30,1,1049,103951,0
aarq,ackley,30,1,1050,104050,0
aarq,ackley,30,1,1051,104149,0
aarq,ackley,30,1,1052,104248,0
aarq,ackley,30,1,1053,104347,0
aarq,ackley,30,1,1054,104446,0
aarq,ackley,30,1,1055,104545,0
aarq,ackley,30,1,1056,104644,0
aarq,ackley,30,1,1057,104743,0
aarq,ackley,30,1,1058,104842,0
aarq,ackley,30,1,1059,104941,0
aarq,ackley,30,1,1060,105040,0
aarq,ackley,30,1,1061,105139,0
aarq,ackley,30,1,1062,105238,0
aarq,ackley,30,1,1063,105337,0
aarq,ackley,30,1,1064,105436,0
aarq,ackley,30,1,1065,105535,0
aarq,ackley,30,1,1066,105634,0
aarq,ackley,30,1,1067,105733,0
aarq,ackley,30,1,1068,105832,0
aarq,ackley,30,1,1069,105931,0
aarq,ackley,30,1,1070,106030,0
aarq,ackley,30,1,1071,106129,0
aarq,ackley,30,1,1072,106228,0
aarq,ackley,30,1,1073,106327,0
aarq,ackley,30,1,1074,106426,0
aarq,ackley,30,1,1075,106525,0
aarq,ackley,30,1,1076,106624,0
aarq,ackley,30,1,1077,106723,0
aarq,ackley,30,1,1078,106822,0
aarq,ackley,30,1,1079,106921,0
aarq,ackley,30,1,1080,107020,0
aarq,ackley,30,1,1081,107119,0
aarq,ackley,30,1,1082,107218,0
aarq,ackley,30,1,1083,107317,0
aarq,ackley,30,1,1084,107416,0
aarq,ackley,30,1,1085,107515,0
aarq,ackley,30,1,1086,107614,0
aarq,ackley,30,1,1087,107713,0
aarq,ackley,30,1,1088,107812,0
aarq,ackley,30,1,1089,107911,0
aarq,ackley,30,1,1090,108010,0
aarq,ackley,30,1,1091,108109,0
aarq,ackley,30,1,1092,108208,0
aarq,ackley,30,1,1093,108307,0
aarq,ackley,30,1,1094,108406,0
aarq,ackley,30,1,1095,108505,0
aarq,ackley,30,1,1096,108604,0
aarq,ackley,30,1,1097,108703,0
aarq,ackley,30,1,1098,108802,0
aarq,ackley,30,1,1099,108901,0
aarq,ackley,30,1,1100,109000,0
aarq,ackley,30,1,1101,109099,0
aarq,ackley,30,1,1102,109198,0
aarq,ackley,30,1,1103,109297,0
aarq,ackley,30,1,1104,109396,0
aarq,ackley,30,1,1105,109495,0
aarq,ackley,30,1,1106,109594,0
aarq,ackley,30,1,1107,109693,0
aarq,ackley,30,1,1108,109792,0
aarq,ackley,30,1,1109,109891,0
aarq,ackley,30,1,1110,109990,0
aarq,ackley,30,1,1111,110089,0
aarq,ackley,30,1,1112,110188,0
aarq,ackley,30,1,1113,110287,0
aarq,ackley,30,1,1114,110386,0
aarq,ackley,30,1,1115,110485,0
aarq,ackley,30,1,1116,110584,0
aarq,ackley,30,1,1117,110683,0
aarq,ackley,30,1,1118,110782,0
aarq,ackley,30,1,1119,110881,0
aarq,ackley,30,1,1120,110980,0
aarq,ackley,30,1,1121,111079,0
aarq,ackley,30,1,1122,111178,0
aarq,ackley,30,1,1123,111277,0
aarq,ackley,30,1,1124,111376,0
aarq,ackley,30,1,1125,111475,0
aarq,ackley,30,1,1126,111574,0
aarq,ackley,30,1,1127,111673,0
aarq,ackley,30,1,1128,111772,0
aarq,ackley,30,1,1129,111871,0
aarq,ackley,30,1,1130,111970,0
aarq,ackley,30,1,1131,112069,0
aarq,ackley,30,1,1132,112168,0
aarq,ackley,30,1,1133,112267,0
aarq,ackley,30,1,1134,112366,0
aarq,ackley,30,1,1135,112465,0
aarq,ackley,30,1,1136,112564,0
aarq,ackley,30,1,1137,112663,0
aarq,ackley,30,1,1138,112762,0
aarq,ackley,30,1,1139,112861,0
aarq,ackley,30,1,1140,112960,0
aarq,ackley,30,1,1141,113059,0
aarq,ackley,30,1,1142,113158,0
aarq,ackley,30,1,1143,113257,0
aarq,ackley,30,1,1144,113356,0
aarq,ackley,30,1,1145,113455,0
aarq,ackley,30,1,1146,113554,0
aarq,ackley,30,1,1147,113653,0
aarq,ackley,30,1,1148,113752,0
aarq,ackley,30,1,1149,113851,0
aarq,ackley,30,1,1150,113950,0
aarq,ackley,30,1,1151,114049,0
aarq,ackley,30,1,1152,114148,0
aarq,ackley,30,1,1153,114247,0
aarq,ackley,30,1,1154,114346,0
aarq,ackley,30,1,1155,114445,0
aarq,ackley,30,1,1156,114544,0
aarq,ackley,30,1,1157,114643,0
aarq,ackley,30,1,1158,114742,0
aarq,ackley,30,1,1159,114841,0
aarq,ackley,30,1,1160,114940,0
aarq,ackley,30,1,1161,115039,0
aarq,ackley,30,1,1162,115138,0
aarq,ackley,30,1,1163,115237,0
aarq,ackley,30,1,1164,115336,0
aarq,ackley,30,1,1165,115435,0
aarq,ackley,30,1,1166,115534,0
aarq,ackley,30,1,1167,115633,0
aarq,ackley,30,1,1168,115732,0
aarq,ackley,30,1,1169,115831,0
aarq,ackley,30,1,1170,115930,0
aarq,ackley,30,1,1171,116029,0
aarq,ackley,30,1,1172,116128,0
aarq,ackley,30,1,1173,116227,0
aarq,ackley,30,1,1174,116326,0
aarq,ackley,30,1,1175,116425,0
aarq,ackley,30,1,1176,116524,0
aarq,ackley,30,1,1177,116623,0
aarq,ackley,30,1,1178,116722,0
aarq,ackley,30,1,1179,116821,0
aarq,ackley,30,1,1180,116920,0
aarq,ackley,30,1,1181,117019,0
aarq,ackley,30,1,1182,117118,0
aarq,ackley,30,1,1183,117217,0
aarq,ackley,30,1,1184,117316,0
aarq,ackley,30,1,1185,117415,0
aarq,ackley,30,1,1186,117514,0
aarq,ackley,30,1,1187,117613,0
aarq,ackley,30,1,1188,117712,0
aarq,ackley,30,1,1189,117811,0
aarq,ackley,30,1,1190,117910,0
aarq,ackley,30,1,1191,118009,0
aarq,ackley,30,1,1192,118108,0
aarq,ackley,30,1,1193,118207,0
aarq,ackley,30,1,1194,118306,0
aarq,ackley,30,1,1195,118405,0
aarq,ackley,30,1,1196,118504,0
aarq,ackley,30,1,1197,118603,0
aarq,ackley,30,1,1198,118702,0
aarq,ackley,30,1,1199,118801,0
aarq,ackley,30,1,1200,118900,0
aarq,ackley,30,1,1201,118999,0
aarq,ackley,30,1,1202,119098,0
aarq,ackley,30,1,1203,119197,0
aarq,ackley,30,1,1204,119296,0
aarq,ackley,30,1,1205,119395,0
aarq,ackley,30,1,1206,119494,0
aarq,ackley,30,1,1207,119593,0
aarq,ackley,30,1,1208,119692,0
aarq,ackley,30,1,1209,119791,0
aarq,ackley,30,1,1210,119890,0
aarq,ackley,30,1,1211,119989,0
aarq,ackley,30,1,1212,120088,0
aarq,ackley,30,1,1213,120187,0
aarq,ackley,30,1,1214,120286,0
aarq,ackley,30,1,1215,120385,0
aarq,ackley,30,1,1216,120484,0
aarq,ackley,30,1,1217,120583,0
aarq,ackley,30,1,1218,120682,0
aarq,ackley,30,1,1219,120781,0
aarq,ackley,30,1,1220,120880,0
aarq,ackley,30,1,1221,120979,0
aarq,ackley,30,1,1222,121078,0
aarq,ackley,30,1,1223,121177,0
aarq,ackley,30,1,1224,121276,0
aarq,ackley,30,1,1225,121375,0
aarq,ackley,30,1,1226,121474,0
aarq,ackley,30,1,1227,121573,0
aarq,ackley,30,1,1228,121672,0
aarq,ackley,30,1,1229,121771,0
aarq,ackley,30,1,1230,121870,0
aarq,ackley,30,1,1231,121969,0
aarq,ackley,30,1,1232,122068,0
aarq,ackley,30,1,1233,122167,0
aarq,ackley,30,1,1234,122266,0
aarq,ackley,30,1,1235,122365,0
aarq,ackley,30,1,1236,122464,0
aarq,ackley,30,1,1237,122563,0
aarq,ackley,30,1,1238,122662,0
aarq,ackley,30,1,1239,122761,0
aarq,ackley,30,1,1240,122860,0
aarq,ackley,30,1,1241,122959,0
aarq,ackley,30,1,1242,123058,0
aarq,ackley,30,1,1243,123157,0
aarq,ackley,30,1,1244,123256,0
aarq,ackley,30,1,1245,123355,0
aarq,ackley,30,1,1246,123454,0
aarq,ackley,30,1,1247,123553,0
aarq,ackley,30,1,1248,123652,0
aarq,ackley,30,1,1249,123751,0
aarq,ackley,30,1,1250,123850,0
aarq,ackley,30,1,1251,123949,0
aarq,ackley,30,1,1252,124048,0
aarq,ackley,30,1,1253,124147,0
aarq,ackley,30,1,1254,124246,0
aarq,ackley,30,1,1255,124345,0
aarq,ackley,30,1,1256,124444,0
aarq,ackley,30,1,1257,124543,0
aarq,ackley,30,1,1258,124642,0
aarq,ackley,30,1,1259,124741,0
aarq,ackley,30,1,1260,124840,0
aarq,ackley,30,1,1261,124939,0
aarq,ackley,30,1,1262,125038,0
aarq,ackley,30,1,1263,125137,0
aarq,ackley,30,1,1264,125236,0
aarq,ackley,30,1,1265,125335,0
aarq,ackley,30,1,1266,125434,0
aarq,ackley,30,1,1267,125533,0
aarq,ackley,30,1,1268,125632,0
aarq,ackley,30,1,1269,125731,0
aarq,ackley,30,1,1270,125830,0
aarq,ackley,30,1,1271,125929,0
aarq,ackley,30,1,1272,126028,0
aarq,ackley,30,1,1273,126127,0
aarq,ackley,30,1,1274,126226,0
aarq,ackley,30,1,1275,126325,0
aarq,ackley,30,1,1276,126424,0
aarq,ackley,30,1,1277,126523,0
aarq,ackley,30,1,1278,126622,0
aarq,ackley,30,1,1279,126721,0
aarq,ackley,30,1,1280,126820,0
aarq,ackley,30,1,1281,126919,0
aarq,ackley,30,1,1282,127018,0
aarq,ackley,30,1,1283,127117,0
aarq,ackley,30,1,1284,127216,0
aarq,ackley,30,1,1285,127315,0
aarq,ackley,30,1,1286,127414,0
aarq,ackley,30,1,1287,127513,0
aarq,ackley,30,1,1288,127612,0
aarq,ackley,30,1,1289,127711,0
aarq,ackley,30,1,1290,127810,0
aarq,ackley,30,1,1291,127909,0
aarq,ackley,30,1,1292,128008,0
aarq,ackley,30,1,1293,128107,0
aarq,ackley,30,1,1294,128206,0
aarq,ackley,30,1,1295,128305,0
aarq,ackley,30,1,1296,128404,0
aarq,ackley,30,1,1297,128503,0
aarq,ackley,30,1,1298,128602,0
aarq,ackley,30,1,1299,128701,0
aarq,ackley,30,1,1300,128800,0
aarq,ackley,30,1,1301,128899,0
aarq,ackley,30,1,1302,128998,0
aarq,ackley,30,1,1303,129097,0
aarq,ackley,30,1,1304,129196,0
aarq,ackley,30,1,1305,129295,0
aarq,ackley,30,1,1306,129394,0
aarq,ackley,30,1,1307,129493,0
aarq,ackley,30,1,1308,129592,0
aarq,ackley,30,1,1309,129691,0
aarq,ackley,30,1,1310,129790,0
aarq,ackley,30,1,1311,129889,0
aarq,ackley,30,1,1312,129988,0
aarq,ackley,30,1,1313,130087,0
aarq,ackley,30,1,1314,130186,0
aarq,ackley,30,1,1315,130285,0
aarq,ackley,30,1,1316,130384,0
aarq,ackley,30,1,1317,130483,0
aarq,ackley,30,1,1318,130582,0
aarq,ackley,30,1,1319,130681,0
aarq,ackley,30,1,1320,130780,0
aarq,ackley,30,1,1321,130879,0
aarq,ackley,30,1,1322,130978,0
aarq,ackley,30,1,1323,131077,0
aarq,ackley,30,1,1324,131176,0
aarq,ackley,30,1,1325,131275,0
aarq,ackley,30,1,1326,131374,0
aarq,ackley,30,1,1327,131473,0
aarq,ackley,30,1,1328,131572,0
aarq,ackley,30,1,1329,131671,0
aarq,ackley,30,1,1330,131770,0
aarq,ackley,30,1,1331,131869,0
aarq,ackley,30,1,1332,131968,0
aarq,ackley,30,1,1333,132067,0
aarq,ackley,30,1,1334,132166,0
aarq,ackley,30,1,1335,132265,0
aarq,ackley,30,1,1336,132364,0
aarq,ackley,30,1,1337,132463,0
aarq,ackley,30,1,1338,132562,0
aarq,ackley,30,1,1339,132661,0
aarq,ackley,30,1,1340,132760,0
aarq,ackley,30,1,1341,132859,0
aarq,ackley,30,1,1342,132958,0
aarq,ackley,30,1,1343,133057,0
aarq,ackley,30,1,1344,133156,0
aarq,ackley,30,1,1345,133255,0
aarq,ackley,30,1,1346,133354,0
aarq,ackley,30,1,1347,133453,0
aarq,ackley,30,1,1348,133552,0
aarq,ackley,30,1,1349,133651,0
aarq,ackley,30,1,1350,133750,0
aarq,ackley,30,1,1351,133849,0
aarq,ackley,30,1,1352,133948,0
aarq,ackley,30,1,1353,134047,0
aarq,ackley,30,1,1354,134146,0
aarq,ackley,30,1,1355,134245,0
aarq,ackley,30,1,1356,134344,0
aarq,ackley,30,1,1357,134443,0
aarq,ackley,30,1,1358,134542,0
aarq,ackley,30,1,1359,134641,0
aarq,ackley,30,1,1360,134740,0
aarq,ackley,30,1,1361,134839,0
aarq,ackley,30,1,1362,134938,0
aarq,ackley,30,1,1363,135037,0
aarq,ackley,30,1,1364,135136,0
aarq,ackley,30,1,1365,135235,0
aarq,ackley,30,1,1366,135334,0
aarq,ackley,30,1,1367,135433,0
aarq,ackley,30,1,1368,135532,0
aarq,ackley,30,1,1369,135631,0
aarq,ackley,30,1,1370,135730,0
aarq,ackley,30,1,1371,135829,0
aarq,ackley,30,1,1372,135928,0
aarq,ackley,30,1,1373,136027,0
aarq,ackley,30,1,1374,136126,0
aarq,ackley,30,1,1375,136225,0
aarq,ackley,30,1,1376,136324,0
aarq,ackley,30,1,1377,136423,0
aarq,ackley,30,1,1378,136522,0
aarq,ackley,30,1,1379,136621,0
aarq,ackley,30,1,1380,136720,0
aarq,ackley,30,1,1381,136819,0
aarq,ackley,30,1,1382,136918,0
aarq,ackley,30,1,1383,137017,0
aarq,ackley,30,1,1384,137116,0
aarq,ackley,30,1,1385,137215,0
aarq,ackley,30,1,1386,137314,0
aarq,ackley,30,1,1387,137413,0
aarq,ackley,30,1,1388,137512,0
aarq,ackley,30,1,1389,137611,0
aarq,ackley,30,1,1390,137710,0
aarq,ackley,30,1,1391,137809,0
aarq,ackley,30,1,1392,137908,0
aarq,ackley,30,1,1393,138007,0
aarq,ackley,30,1,1394,138106,0
aarq,ackley,30,1,1395,138205,0
aarq,ackley,30,1,1396,138304,0
aarq,ackley,30,1,1397,138403,0
aarq,ackley,30,1,1398,138502,0
aarq,ackley,30,1,1399,138601,0
aarq,ackley,30,1,1400,138700,0
aarq,ackley,30,1,1401,138799,0
aarq,ackley,30,1,1402,138898,0
aarq,ackley,30,1,1403,138997,0
aarq,ackley,30,1,1404,139096,0
aarq,ackley,30,1,1405,139195,0
aarq,ackley,30,1,1406,139294,0
aarq,ackley,30,1,1407,139393,0
aarq,ackley,30,1,1408,139492,0
aarq,ackley,30,1,1409,139591,0
aarq,ackley,30,1,1410,139690,0
aarq,ackley,30,1,1411,139789,0
aarq,ackley,30,1,1412,139888,0
aarq,ackley,30,1,1413,139987,0
aarq,ackley,30,1,1414,140086,0
aarq,ackley,30,1,1415,140185,0
aarq,ackley,30,1,1416,140284,0
aarq,ackley,30,1,1417,140383,0
aarq,ackley,30,1,1418,140482,0
aarq,ackley,30,1,1419,140581,0
aarq,ackley,30,1,1420,140680,0
aarq,ackley,30,1,1421,140779,0
aarq,ackley,30,1,1422,140878,0
aarq,ackley,30,1,1423,140977,0
aarq,ackley,30,1,1424,141076,0
aarq,ackley,30,1,1425,141175,0
aarq,ackley,30,1,1426,141274,0
aarq,ackley,30,1,1427,141373,0
aarq,ackley,30,1,1428,141472,0
aarq,ackley,30,1,1429,141571,0
aarq,ackley,30,1,1430,141670,0
aarq,ackley,30,1,1431,141769,0
aarq,ackley,30,1,1432,141868,0
aarq,ackley,30,1,1433,141967,0
aarq,ackley,30,1,1434,142066,0
aarq,ackley,30,1,1435,142165,0
aarq,ackley,30,1,1436,142264,0
aarq,ackley,30,1,1437,142363,0
aarq,ackley,30,1,1438,142462,0
aarq,ackley,30,1,1439,142561,0
aarq,ackley,30,1,1440,142660,0
aarq,ackley,30,1,1441,142759,0
aarq,ackley,30,1,1442,142858,0
aarq,ackley,30,1,1443,142957,0
aarq,ackley,30,1,1444,143056,0
aarq,ackley,30,1,1445,143155,0
aarq,ackley,30,1,1446,143254,0
aarq,ackley,30,1,1447,143353,0
aarq,ackley,30,1,1448,143452,0
aarq,ackley,30,1,1449,143551,0
aarq,ackley,30,1,1450,143650,0
aarq,ackley,30,1,1451,143749,0
aarq,ackley,30,1,1452,143848,0
aarq,ackley,30,1,1453,143947,0
aarq,ackley,30,1,1454,144046,0
aarq,ackley,30,1,1455,144145,0
aarq,ackley,30,1,1456,144244,0
aarq,ackley,30,1,1457,144343,0
aarq,ackley,30,1,1458,144442,0
aarq,ackley,30,1,1459,144541,0
aarq,ackley,30,1,1460,144640,0
aarq,ackley,30,1,1461,144739,0
aarq,ackley,30,1,1462,144838,0
aarq,ackley,30,1,1463,144937,0
aarq,ackley,30,1,1464,145036,0
aarq,ackley,30,1,1465,145135,0
aarq,ackley,30,1,1466,145234,0
aarq,ackley,30,1,1467,145333,0
aarq,ackley,30,1,1468,145432,0
aarq,ackley,30,1,1469,145531,0
aarq,ackley,30,1,1470,145630,0
aarq,ackley,30,1,1471,145729,0
aarq,ackley,30,1,1472,145828,0
aarq,ackley,30,1,1473,145927,0
aarq,ackley,30,1,1474,146026,0
aarq,ackley,30,1,1475,146125,0
aarq,ackley,30,1,1476,146224,0
aarq,ackley,30,1,1477,146323,0
aarq,ackley,30,1,1478,146422,0
aarq,ackley,30,1,1479,146521,0
aarq,ackley,30,1,1480,146620,0
aarq,ackley,30,1,1481,146719,0
aarq,ackley,30,1,1482,146818,0
aarq,ackley,30,1,1483,146917,0
aarq,ackley,30,1,1484,147016,0
aarq,ackley,30,1,1485,147115,0
aarq,ackley,30,1,1486,147214,0
aarq,ackley,30,1,1487,147313,0
aarq,ackley,30,1,1488,147412,0
aarq,ackley,30,1,1489,147511,0
aarq,ackley,30,1,1490,147610,0
aarq,ackley,30,1,1491,147709,0
aarq,ackley,30,1,1492,147808,0
aarq,ackley,30,1,1493,147907,0
aarq,ackley,30,1,1494,148006,0
aarq,ackley,30,1,1495,148105,0
aarq,ackley,30,1,1496,148204,0
aarq,ackley,30,1,1497,148303,0
aarq,ackley,30,1,1498,148402,0
aarq,ackley,30,1,1499,148501,0
aarq,ackley,30,1,1500,148600,0
aarq,ackley,30,1,1501,148699,0
aarq,ackley,30,1,1502,148798,0
aarq,ackley,30,1,1503,148897,0
aarq,ackley,30,1,1504,148996,0
aarq,ackley,30,1,1505,149095,0
aarq,ackley,30,1,1506,149194,0
aarq,ackley,30,1,1507,149293,0
aarq,ackley,30,1,1508,149392,0
aarq,ackley,30,1,1509,149491,0
aarq,ackley,30,1,1510,149590,0
aarq,ackley,30,1,1511,149689,0
aarq,ackley,30,1,1512,149788,0
aarq,ackley,30,1,1513,149887,0
aarq,ackley,30,1,1514,149986,0
aarq,ackley,30,1,1515,150000,0
aarq,ackley,30,2,0,100,20.656447982999
aarq,ackley,30,2,1,199,20.656447982999
aarq,ackley,30,2,2,298,20.587808114034
aarq,ackley,30,2,3,397,20.550950343074
aarq,ackley,30,2,4,496,20.550950343074
aarq,ackley,30,2,5,595,19.593025741946
aarq,ackley,30,2,6,694,19.593025741946
aarq,ackley,30,2,7,793,19.593025741946
aarq,ackley,30,2,8,892,19.593025741946
aarq,ackley,30,2,9,991,19.593025741946
aarq,ackley,30,2,10,1090,19.593025741946
aarq,ackley,30,2,11,1189,19.593025741946
aarq,ackley,30,2,12,1288,19.593025741946
aarq,ackley,30,2,13,1387,19.593025741946
aarq,ackley,30,2,14,1486,19.593025741946
aarq,ackley,30,2,15,1585,19.489533339922
aarq,ackley,30,2,16,1684,19.449059974285
aarq,ackley,30,2,17,1783,19.016009020732
aarq,ackley,30,2,18,1882,18.231472248067
aarq,ackley,30,2,19,1981,18.231472248067
aarq,ackley,30,2,20,2080,17.344620070851
aarq,ackley,30,2,21,2179,17.344620070851
aarq,ackley,30,2,22,2278,17.344620070851
aarq,ackley,30,2,23,2377,17.344620070851
aarq,ackley,30,2,24,2476,16.922564483543
aarq,ackley,30,2,25,2575,16.0886198686
aarq,ackley,30,2,26,2674,16.0886198686
aarq,ackley,30,2,27,2773,15.842165756702
aarq,ackley,30,2,28,2872,15.842165756702
aarq,ackley,30,2,29,2971,15.491571985291
aarq,ackley,30,2,30,3070,14.82461202267
aarq,ackley,30,2,31,3169,13.73995826322
aarq,ackley,30,2,32,3268,13.73995826322
aarq,ackley,30,2,33,3367,13.73995826322
aarq,ackley,30,2,34,3466,12.949949201148
aarq,ackley,30,2,35,3565,12.949949201148
aarq,ackley,30,2,36,3664,12.927420556901
aarq,ackley,30,2,37,3763,12.484994810358
aarq,ackley,30,2,38,3862,10.159636887759
aarq,ackley,30,2,39,3961,10.159636887759
aarq,ackley,30,2,40,4060,10.159636887759
aarq,ackley,30,2,41,4159,10.159636887759
aarq,ackley,30,2,42,4258,10.159636887759
aarq,ackley,30,2,43,4357,9.874361237487
aarq,ackley,30,2,44,4456,9.372323618425
aarq,ackley,30,2,45,4555,7.982541064848
aarq,ackley,30,2,46,4654,7.982541064848
aarq,ackley,30,2,47,4753,7.982541064848
aarq,ackley,30,2,48,4852,7.982541064848
aarq,ackley,30,2,49,4951,7.88278820355
aarq,ackley,30,2,50,5050,6.77466202811
aarq,ackley,30,2,51,5149,6.77466202811
aarq,ackley,30,2,52,5248,6.679325544795
aarq,ackley,30,2,53,5347,6.514587759182
aarq,ackley,30,2,54,5446,5.765575661084
aarq,ackley,30,2,55,5545,5.765575661084
aarq,ackley,30,2,56,5644,5.514807491432
aarq,ackley,30,2,57,5743,5.256487433234
aarq,ackley,30,2,58,5842,5.256487433234
aarq,ackley,30,2,59,5941,5.190729428114
aarq,ackley,30,2,60,6040,4.714329125354
aarq,ackley,30,2,61,6139,3.835375057403
aarq,ackley,30,2,62,6238,3.835375057403
aarq,ackley,30,2,63,6337,3.835375057403
aarq,ackley,30,2,64,6436,3.677009749048
aarq,ackley,30,2,65,6535,3.677009749048
aarq,ackley,30,2,66,6634,3.613904362747
aarq,ackley,30,2,67,6733,3.613904362747
aarq,ackley,30,2,68,6832,3.490415096241
aarq,ackley,30,2,69,6931,3.385975756127
aarq,ackley,30,2,70,7030,3.238074256818
aarq,ackley,30,2,71,7129,2.811693893751
aarq,ackley,30,2,72,7228,2.779799010655
aarq,ackley,30,2,73,7327,2.779799010655
aarq,ackley,30,2,74,7426,2.493380092261
aarq,ackley,30,2,75,7525,2.375418158522
aarq,ackley,30,2,76,7624,2.375418158522
aarq,ackley,30,2,77,7723,2.078719384068
aarq,ackley,30,2,78,7822,2.030746728506
aarq,ackley,30,2,79,7921,2.018881986063
aarq,ackley,30,2,80,8020,1.810822214239
aarq,ackley,30,2,81,8119,1.718378109543
aarq,ackley,30,2,82,8218,1.556824999146
aarq,ackley,30,2,83,8317,1.315883798892
aarq,ackley,30,2,84,8416,0.98361970725
aarq,ackley,30,2,85,8515,0.98361970725
aarq,ackley,30,2,86,8614,0.98361970725
aarq,ackley,30,2,87,8713,0.905250268636
aarq,ackley,30,2,88,8812,0.883537385303
aarq,ackley,30,2,89,8911,0.835273452646
aarq,ackley,30,2,90,9010,0.780429932832
aarq,ackley,30,2,91,9109,0.621076197287
aarq,ackley,30,2,92,9208,0.621076197287
aarq,ackley,30,2,93,9307,0.576319775363
aarq,ackley,30,2,94,9406,0.520669880877
aarq,ackley,30,2,95,9505,0.433192229085
aarq,ackley,30,2,96,9604,0.363193034681
aarq,ackley,30,2,97,9703,0.363193034681
aarq,ackley,30,2,98,9802,0.363193034681
aarq,ackley,30,2,99,9901,0.361956400069
aarq,ackley,30,2,100,10000,0.291558540061
aarq,ackley,30,2,101,10099,0.266748568694
aarq,ackley,30,2,102,10198,0.237734518572
aarq,ackley,30,2,103,10297,0.232960332045
aarq,ackley,30,2,104,10396,0.200940825082
aarq,ackley,30,2,105,10495,0.189639982348
aarq,ackley,30,2,106,10594,0.174233972035
aarq,ackley,30,2,107,10693,0.166806601822
aarq,ackley,30,2,108,10792,0.141989794303
aarq,ackley,30,2,109,10891,0.122517840361
aarq,ackley,30,2,110,10990,0.122517840361
aarq,ackley,30,2,111,11089,0.108263947497
aarq,ackley,30,2,112,11188,0.082653305164
aarq,ackley,30,2,113,11287,0.082653305164
aarq,ackley,30,2,114,11386,0.082653305164
aarq,ackley,30,2,115,11485,0.082653305164
aarq,ackley,30,2,116,11584,0.073991160195
aarq,ackley,30,2,117,11683,0.0655302436
aarq,ackley,30,2,118,11782,0.060820774913
aarq,ackley,30,2,119,11881,0.048742026361
aarq,ackley,30,2,120,11980,0.048742026361
aarq,ackley,30,2,121,12079,0.047643904832
aarq,ackley,30,2,122,12178,0.044005776203
aarq,ackley,30,2,123,12277,0.039740216271
aarq,ackley,30,2,124,12376,0.035101547494
aarq,ackley,30,2,125,12475,0.034716928246
aarq,ackley,30,2,126,12574,0.034511239979
aarq,ackley,30,2,127,12673,0.031913315216
aarq,ackley,30,2,128,12772,0.030852709198
aarq,ackley,30,2,129,12871,0.02515644057
aarq,ackley,30,2,130,12970,0.02515644057
aarq,ackley,30,2,131,13069,0.023887816094
aarq,ackley,30,2,132,13168,0.02299541377
aarq,ackley,30,2,133,13267,0.022160690393
aarq,ackley,30,2,134,13366,0.018577909608
aarq,ackley,30,2,135,13465,0.018577909608
aarq,ackley,30,2,136,13564,0.017771924164
aarq,ackley,30,2,137,13663,0.01663020066
aarq,ackley,30,2,138,13762,0.015317263242
aarq,ackley,30,2,139,13861,0.014063688786
aarq,ackley,30,2,140,13960,0.013683981678
aarq,ackley,30,2,141,14059,0.012074783838
aarq,ackley,30,2,142,14158,0.010960297231
aarq,ackley,30,2,143,14257,0.010308112855
aarq,ackley,30,2,144,14356,0.009376085561
aarq,ackley,30,2,145,14455,0.008010443248
aarq,ackley,30,2,146,14554,0.007968671323
aarq,ackley,30,2,147,14653,0.006980488016
aarq,ackley,30,2,148,14752,0.005883453419
aarq,ackley,30,2,149,14851,0.005883453419
aarq,ackley,30,2,150,14950,0.005883453419
aarq,ackley,30,2,151,15049,0.005476663598
aarq,ackley,30,2,152,15148,0.004902753154
aarq,ackley,30,2,153,15247,0.004434917113
aarq,ackley,30,2,154,15346,0.003909916457
aarq,ackley,30,2,155,15445,0.003909916457
aarq,ackley,30,2,156,15544,0.00357176599
aarq,ackley,30,2,157,15643,0.00303846981
aarq,ackley,30,2,158,15742,0.00303846981
aarq,ackley,30,2,159,15841,0.002847334193
aarq,ackley,30,2,160,15940,0.002597852558
aarq,ackley,30,2,161,16039,0.002597852558
aarq,ackley,30,2,162,16138,0.002100965597
aarq,ackley,30,2,163,16237,0.002100965597
aarq,ackley,30,2,164,16336,0.002100965597
aarq,ackley,30,2,165,16435,0.002100965597
aarq,ackley,30,2,166,16534,0.001965431542
aarq,ackley,30,2,167,16633,0.001760847
aarq,ackley,30,2,168,16732,0.001673562777
aarq,ackley,30,2,169,16831,0.001606049542
aarq,ackley,30,2,170,16930,0.001511760083
aarq,ackley,30,2,171,17029,0.001306598412
aarq,ackley,30,2,172,17128,0.001100039283
aarq,ackley,30,2,173,17227,0.001100039283
aarq,ackley,30,2,174,17326,0.000916922166
aarq,ackley,30,2,175,17425,0.000916922166
aarq,ackley,30,2,176,17524,0.000881344122
aarq,ackley,30,2,177,17623,0.000872921729
aarq,ackley,30,2,178,17722,0.000791474967
aarq,ackley,30,2,179,17821,0.000666185269
aarq,ackley,30,2,180,17920,0.000666185269
aarq,ackley,30,2,181,18019,0.000666185269
aarq,ackley,30,2,182,18118,0.000569208055
aarq,ackley,30,2,183,18217,0.000513320422
aarq,ackley,30,2,184,18316,0.000513320422
aarq,ackley,30,2,185,18415,0.000453303459
aarq,ackley,30,2,186,18514,0.000368992049
aarq,ackley,30,2,187,18613,0.000368992049
aarq,ackley,30,2,188,18712,0.000356760237
aarq,ackley,30,2,189,18811,0.000347068341
aarq,ackley,30,2,190,18910,0.0003445992
aarq,ackley,30,2,191,19009,0.00030359243
aarq,ackley,30,2,192,19108,0.000279453007
aarq,ackley,30,2,193,19207,0.000270397939
aarq,ackley,30,2,194,19306,0.000245650631
aarq,ackley,30,2,195,19405,0.000219333414
aarq,ackley,30,2,196,19504,0.000209813321
aarq,ackley,30,2,197,19603,0.000207102296
aarq,ackley,30,2,198,19702,0.000160306869
aarq,ackley,30,2,199,19801,0.000145858569
aarq,ackley,30,2,200,19900,0.000134660904
aarq,ackley,30,2,201,19999,0.000130370414
aarq,ackley,30,2,202,20098,0.000130370414
aarq,ackley,30,2,203,20197,0.000108438711
aarq,ackley,30,2,204,20296,0.000106121569
aarq,ackley,30,2,205,20395,0.000106121569
aarq,ackley,30,2,206,20494,9.4406274e-05
aarq,ackley,30,2,207,20593,8.8919734e-05
aarq,ackley,30,2,208,20692,7.8887207e-05
aarq,ackley,30,2,209,20791,7.6168629e-05
aarq,ackley,30,2,210,20890,6.64689e-05
aarq,ackley,30,2,211,20989,6.64689e-05
aarq,ackley,30,2,212,21088,5.8457891e-05
aarq,ackley,30,2,213,21187,5.559676e-05
aarq,ackley,30,2,214,21286,4.597734e-05
aarq,ackley,30,2,215,21385,4.597734e-05
aarq,ackley,30,2,216,21484,4.3489707e-05
aarq,ackley,30,2,217,21583,3.9478389e-05
aarq,ackley,30,2,218,21682,3.4358901e-05
aarq,ackley,30,2,219,21781,3.4358901e-05
aarq,ackley,30,2,220,21880,3.2356628e-05
aarq,ackley,30,2,221,21979,2.9686648e-05
aarq,ackley,30,2,222,22078,2.786753e-05
aarq,ackley,30,2,223,22177,2.551553e-05
aarq,ackley,30,2,224,22276,2.4217516e-05
aarq,ackley,30,2,225,22375,2.2516425e-05
aarq,ackley,30,2,226,22474,1.963911e-05
aarq,ackley,30,2,227,22573,1.9259853e-05
aarq,ackley,30,2,228,22672,1.6540965e-05
aarq,ackley,30,2,229,22771,1.6465224e-05
aarq,ackley,30,2,230,22870,1.6397844e-05
aarq,ackley,30,2,231,22969,1.2940644e-05
aarq,ackley,30,2,232,23068,1.2940644e-05
aarq,ackley,30,2,233,23167,1.2507431e-05
aarq,ackley,30,2,234,23266,1.0971115e-05
aarq,ackley,30,2,235,23365,9.668385e-06
aarq,ackley,30,2,236,23464,9.019678e-06
aarq,ackley,30,2,237,23563,8.61055e-06
aarq,ackley,30,2,238,23662,6.712665e-06
aarq,ackley,30,2,239,23761,6.712665e-06
aarq,ackley,30,2,240,23860,6.614269e-06
aarq,ackley,30,2,241,23959,6.257535e-06
aarq,ackley,30,2,242,24058,5.863174e-06
aarq,ackley,30,2,243,24157,4.808938e-06
aarq,ackley,30,2,244,24256,4.614461e-06
aarq,ackley,30,2,245,24355,4.32993e-06
aarq,ackley,30,2,246,24454,3.85614e-06
aarq,ackley,30,2,247,24553,3.729763e-06
aarq,ackley,30,2,248,24652,2.8488e-06
aarq,ackley,30,2,249,24751,2.741198e-06
aarq,ackley,30,2,250,24850,2.602585e-06
aarq,ackley,30,2,251,24949,2.49403e-06
aarq,ackley,30,2,252,25048,2.393551e-06
aarq,ackley,30,2,253,25147,2.281958e-06
aarq,ackley,30,2,254,25246,2.121873e-06
aarq,ackley,30,2,255,25345,1.781382e-06
aarq,ackley,30,2,256,25444,1.524107e-06
aarq,ackley,30,2,257,25543,1.524107e-06
aarq,ackley,30,2,258,25642,1.443477e-06
aarq,ackley,30,2,259,25741,1.323004e-06
aarq,ackley,30,2,260,25840,1.284002e-06
aarq,ackley,30,2,261,25939,1.13889e-06
aarq,ackley,30,2,262,26038,1.039232e-06
aarq,ackley,30,2,263,26137,1.039232e-06
aarq,ackley,30,2,264,26236,9.56047e-07
aarq,ackley,30,2,265,26335,9.56047e-07
aarq,ackley,30,2,266,26434,8.43692e-07
aarq,ackley,30,2,267,26533,7.75547e-07
aarq,ackley,30,2,268,26632,6.47484e-07
aarq,ackley,30,2,269,26731,5.82901e-07
aarq,ackley,30,2,270,26830,5.82901e-07
aarq,ackley,30,2,271,26929,5.40105e-07
aarq,ackley,30,2,272,27028,5.31038e-07
aarq,ackley,30,2,273,27127,4.54607e-07
aarq,ackley,30,2,274,27226,4.54607e-07
aarq,ackley,30,2,275,27325,3.84846e-07
aarq,ackley,30,2,276,27424,3.84846e-07
aarq,ackley,30,2,277,27523,3.67277e-07
aarq,ackley,30,2,278,27622,3.18147e-07
aarq,ackley,30,2,279,27721,3.0806e-07
aarq,ackley,30,2,280,27820,2.93011e-07
aarq,ackley,30,2,281,27919,2.35028e-07
aarq,ackley,30,2,282,28018,2.35028e-07
aarq,ackley,30,2,283,28117,2.31064e-07
aarq,ackley,30,2,284,28216,1.83269e-07
aarq,ackley,30,2,285,28315,1.79171e-07
aarq,ackley,30,2,286,28414,1.79171e-07
aarq,ackley,30,2,287,28513,1.70261e-07
aarq,ackley,30,2,288,28612,1.38955e-07
aarq,ackley,30,2,289,28711,1.38955e-07
aarq,ackley,30,2,290,28810,1.24561e-07
aarq,ackley,30,2,291,28909,1.24561e-07
aarq,ackley,30,2,292,29008,1.12774e-07
aarq,ackley,30,2,293,29107,1.12774e-07
aarq,ackley,30,2,294,29206,9.9533e-08
aarq,ackley,30,2,295,29305,8.997e-08
aarq,ackley,30,2,296,29404,7.9015e-08
aarq,ackley,30,2,297,29503,7.6937e-08
aarq,ackley,30,2,298,29602,7.6937e-08
aarq,ackley,30,2,299,29701,6.164e-08
aarq,ackley,30,2,300,29800,6.1126e-08
aarq,ackley,30,2,301,29899,5.0989e-08
aarq,ackley,30,2,302,29998,5.0061e-08
aarq,ackley,30,2,303,30097,4.6652e-08
aarq,ackley,30,2,304,30196,4.4292e-08
aarq,ackley,30,2,305,30295,4.2223e-08
aarq,ackley,30,2,306,30394,3.5571e-08
aarq,ackley,30,2,307,30493,3.5571e-08
aarq,ackley,30,2,308,30592,3.3467e-08
aarq,ackley,30,2,309,30691,2.6771e-08
aarq,ackley,30,2,310,30790,2.6347e-08
aarq,ackley,30,2,311,30889,2.4903e-08
aarq,ackley,30,2,312,30988,2.0864e-08
aarq,ackley,30,2,313,31087,2.077e-08
aarq,ackley,30,2,314,31186,2.077e-08
aarq,ackley,30,2,315,31285,1.7826e-08
aarq,ackley,30,2,316,31384,1.7375e-08
aarq,ackley,30,2,317,31483,1.3365e-08
aarq,ackley,30,2,318,31582,1.3365e-08
aarq,ackley,30,2,319,31681,1.3365e-08
aarq,ackley,30,2,320,31780,1.301e-08
aarq,ackley,30,2,321,31879,1.0919e-08
aarq,ackley,30,2,322,31978,1.026e-08
aarq,ackley,30,2,323,32077,9.466e-09
aarq,ackley,30,2,324,32176,7.693e-09
aarq,ackley,30,2,325,32275,7.693e-09
aarq,ackley,30,2,326,32374,6.715e-09
aarq,ackley,30,2,327,32473,6.715e-09
aarq,ackley,30,2,328,32572,6.715e-09
aarq,ackley,30,2,329,32671,6.196e-09
aarq,ackley,30,2,330,32770,5.977e-09
aarq,ackley,30,2,331,32869,5.107e-09
aarq,ackley,30,2,332,32968,4.798e-09
aarq,ackley,30,2,333,33067,4.542e-09
aarq,ackley,30,2,334,33166,4.186e-09
aarq,ackley,30,2,335,33265,3.736e-09
aarq,ackley,30,2,336,33364,3.595e-09
aarq,ackley,30,2,337,33463,3.218e-09
aarq,ackley,30,2,338,33562,2.887e-09
aarq,ackley,30,2,339,33661,2.8e-09
aarq,ackley,30,2,340,33760,2.336e-09
aarq,ackley,30,2,341,33859,2.336e-09
aarq,ackley,30,2,342,33958,2.336e-09
aarq,ackley,30,2,343,34057,1.87e-09
aarq,ackley,30,2,344,34156,1.665e-09
aarq,ackley,30,2,345,34255,1.665e-09
aarq,ackley,30,2,346,34354,1.35e-09
aarq,ackley,30,2,347,34453,1.313e-09
aarq,ackley,30,2,348,34552,1.313e-09
aarq,ackley,30,2,349,34651,1.202e-09
aarq,ackley,30,2,350,34750,1.148e-09
aarq,ackley,30,2,351,34849,8.94e-10
aarq,ackley,30,2,352,34948,8.9e-10
aarq,ackley,30,2,353,35047,8.72e-10
aarq,ackley,30,2,354,35146,7.65e-10
aarq,ackley,30,2,355,35245,7.59e-10
aarq,ackley,30,2,356,35344,6.36e-10
aarq,ackley,30,2,357,35443,6.2e-10
aarq,ackley,30,2,358,35542,5.91e-10
aarq,ackley,30,2,359,35641,5.06e-10
aarq,ackley,30,2,360,35740,4.29e-10
aarq,ackley,30,2,361,35839,4.06e-10
aarq,ackley,30,2,362,35938,3.92e-10
aarq,ackley,30,2,363,36037,3.8e-10
aarq,ackley,30,2,364,36136,3.72e-10
aarq,ackley,30,2,365,36235,3.03e-10
aarq,ackley,30,2,366,36334,3.03e-10
aarq,ackley,30,2,367,36433,2.88e-10
aarq,ackley,30,2,368,36532,2.88e-10
aarq,ackley,30,2,369,36631,2.56e-10
aarq,ackley,30,2,370,36730,1.96e-10
aarq,ackley,30,2,371,36829,1.96e-10
aarq,ackley,30,2,372,36928,1.96e-10
aarq,ackley,30,2,373,37027,1.92e-10
aarq,ackley,30,2,374,37126,1.82e-10
aarq,ackley,30,2,375,37225,1.8e-10
aarq,ackley,30,2,376,37324,1.62e-10
aarq,ackley,30,2,377,37423,1.52e-10
aarq,ackley,30,2,378,37522,1.44e-10
aarq,ackley,30,2,379,37621,1.22e-10
aarq,ackley,30,2,380,37720,1.22e-10
aarq,ackley,30,2,381,37819,1.18e-10
aarq,ackley,30,2,382,37918,1.17e-10
aarq,ackley,30,2,383,38017,9.5e-11
aarq,ackley,30,2,384,38116,9.4e-11
aarq,ackley,30,2,385,38215,8.1e-11
aarq,ackley,30,2,386,38314,8.1e-11
aarq,ackley,30,2,387,38413,7.9e-11
aarq,ackley,30,2,388,38512,7.2e-11
aarq,ackley,30,2,389,38611,6.1e-11
aarq,ackley,30,2,390,38710,6.1e-11
aarq,ackley,30,2,391,38809,5.4e-11
aarq,ackley,30,2,392,38908,5.3e-11
aarq,ackley,30,2,393,39007,5.1e-11
aarq,ackley,30,2,394,39106,4.8e-11
aarq,ackley,30,2,395,39205,4.6e-11
aarq,ackley,30,2,396,39304,4e-11
aarq,ackley,30,2,397,39403,3.2e-11
aarq,ackley,30,2,398,39502,3.2e-11
aarq,ackley,30,2,399,39601,3.2e-11
aarq,ackley,30,2,400,39700,2.5e-11
aarq,ackley,30,2,401,39799,2.5e-11
aarq,ackley,30,2,402,39898,2.3e-11
aarq,ackley,30,2,403,39997,2.3e-11
aarq,ackley,30,2,404,40096,2.1e-11
aarq,ackley,30,2,405,40195,2e-11
aarq,ackley,30,2,406,40294,1.8e-11
aarq,ackley,30,2,407,40393,1.6e-11
aarq,ackley,30,2,408,40492,1.5e-11
aarq,ackley,30,2,409,40591,1.5e-11
aarq,ackley,30,2,410,40690,1.3e-11
aarq,ackley,30,2,411,40789,1.3e-11
aarq,ackley,30,2,412,40888,1.1e-11
aarq,ackley,30,2,413,40987,1.1e-11
aarq,ackley,30,2,414,41086,1.1e-11
aarq,ackley,30,2,415,41185,1e-11
aarq,ackley,30,2,416,41284,9e-12
aarq,ackley,30,2,417,41383,8e-12
aarq,ackley,30,2,418,41482,8e-12
aarq,ackley,30,2,419,41581,8e-12
aarq,ackley,30,2,420,41680,6e-12
aarq,ackley,30,2,421,41779,6e-12
aarq,ackley,30,2,422,41878,6e-12
aarq,ackley,30,2,423,41977,5e-12
aarq,ackley,30,2,424,42076,4e-12
aarq,ackley,30,2,425,42175,4e-12
aarq,ackley,30,2,426,42274,3e-12
aarq,ackley,30,2,427,42373,3e-12
aarq,ackley,30,2,428,42472,3e-12
aarq,ackley,30,2,429,42571,3e-12
aarq,ackley,30,2,430,42670,3e-12
aarq,ackley,30,2,431,42769,3e-12
aarq,ackley,30,2,432,42868,3e-12
aarq,ackley,30,2,433,42967,3e-12
aarq,ackley,30,2,434,43066,3e-12
aarq,ackley,30,2,435,43165,2e-12
aarq,ackley,30,2,436,43264,2e-12
aarq,ackley,30,2,437,43363,2e-12
aarq,ackley,30,2,438,43462,2e-12
aarq,ackley,30,2,439,43561,2e-12
aarq,ackley,30,2,440,43660,2e-12
aarq,ackley,30,2,441,43759,2e-12
aarq,ackley,30,2,442,43858,2e-12
aarq,ackley,30,2,443,43957,2e-12
aarq,ackley,30,2,444,44056,1e-12
aarq,ackley,30,2,445,44155,1e-12
aarq,ackley,30,2,446,44254,1e-12
aarq,ackley,30,2,447,44353,1e-12
aarq,ackley,30,2,448,44452,1e-12
aarq,ackley,30,2,449,44551,1e-12
aarq,ackley,30,2,450,44650,1e-12
aarq,ackley,30,2,451,44749,1e-12
aarq,ackley,30,2,452,44848,1e-12
aarq,ackley,30,2,453,44947,1e-12
aarq,ackley,30,2,454,45046,1e-12
aarq,ackley,30,2,455,45145,1e-12
aarq,ackley,30,2,456,45244,1e-12
aarq,ackley,30,2,457,45343,1e-12
aarq,ackley,30,2,458,45442,1e-12
aarq,ackley,30,2,459,45541,1e-12
aarq,ackley,30,2,460,45640,1e-12
aarq,ackley,30,2,461,45739,1e-12
aarq,ackley,30,2,462,45838,1e-12
aarq,ackley,30,2,463,45937,1e-12
aarq,ackley,30,2,464,46036,1e-12
aarq,ackley,30,2,465,46135,1e-12
aarq,ackley,30,2,466,46234,1e-12
aarq,ackley,30,2,467,46333,1e-12
aarq,ackley,30,2,468,46432,1e-12
aarq,ackley,30,2,469,46531,1e-12
aarq,ackley,30,2,470,46630,1e-12
aarq,ackley,30,2,471,46729,1e-12
aarq,ackley,30,2,472,46828,1e-12
aarq,ackley,30,2,473,46927,1e-12
aarq,ackley,30,2,474,47026,1e-12
aarq,ackley,30,2,475,47125,1e-12
aarq,ackley,30,2,476,47224,1e-12
aarq,ackley,30,2,477,47323,1e-12
aarq,ackley,30,2,478,47422,1e-12
aarq,ackley,30,2,479,47521,1e-12
aarq,ackley,30,2,480,47620,1e-12
aarq,ackley,30,2,481,47719,1e-12
aarq,ackley,30,2,482,47818,1e-12
aarq,ackley,30,2,483,47917,1e-12
aarq,ackley,30,2,484,48016,1e-12
aarq,ackley,30,2,485,48115,1e-12
aarq,ackley,30,2,486,48214,0
aarq,ackley,30,2,487,48313,0
aarq,ackley,30,2,488,48412,0
aarq,ackley,30,2,489,48511,0
aarq,ackley,30,2,490,48610,0
aarq,ackley,30,2,491,48709,0
aarq,ackley,30,2,492,48808,0
aarq,ackley,30,2,493,48907,0
aarq,ackley,30,2,494,49006,0
aarq,ackley,30,2,495,49105,0
aarq,ackley,30,2,496,49204,0
aarq,ackley,30,2,497,49303,0
aarq,ackley,30,2,498,49402,0
aarq,ackley,30,2,499,49501,0
aarq,ackley,30,2,500,49600,0
aarq,ackley,30,2,501,49699,0
aarq,ackley,30,2,502,49798,0
aarq,ackley,30,2,503,49897,0
aarq,ackley,30,2,504,49996,0
aarq,ackley,30,2,505,50095,0
aarq,ackley,30,2,506,50194,0
aarq,ackley,30,2,507,50293,0
aarq,ackley,30,2,508,50392,0
aarq,ackley,30,2,509,50491,0
aarq,ackley,30,2,510,50590,0
aarq,ackley,30,2,511,50689,0
aarq,ackley,30,2,512,50788,0
aarq,ackley,30,2,513,50887,0
aarq,ackley,30,2,514,50986,0
aarq,ackley,30,2,515,51085,0
aarq,ackley,30,2,516,51184,0
aarq,ackley,30,2,517,51283,0
aarq,ackley,30,2,518,51382,0
aarq,ackley,30,2,519,51481,0
aarq,ackley,30,2,520,51580,0
aarq,ackley,30,2,521,51679,0
aarq,ackley,30,2,522,51778,0
aarq,ackley,30,2,523,51877,0
aarq,ackley,30,2,524,51976,0
aarq,ackley,30,2,525,52075,0
aarq,ackley,30,2,526,52174,0
aarq,ackley,30,2,527,52273,0
aarq,ackley,30,2,528,52372,0
aarq,ackley,30,2,529,52471,0
aarq,ackley,30,2,530,52570,0
aarq,ackley,30,2,531,52669,0
aarq,ackley,30,2,532,52768,0
aarq,ackley,30,2,533,52867,0
aarq,ackley,30,2,534,52966,0
aarq,ackley,30,2,535,53065,0
aarq,ackley,30,2,536,53164,0
aarq,ackley,30,2,537,53263,0
aarq,ackley,30,2,538,53362,0
aarq,ackley,30,2,539,53461,0
aarq,ackley,30,2,540,53560,0
aarq,ackley,30,2,541,53659,0
aarq,ackley,30,2,542,53758,0
aarq,ackley,30,2,543,53857,0
aarq,ackley,30,2,544,53956,0
aarq,ackley,30,2,545,54055,0
aarq,ackley,30,2,546,54154,0
aarq,ackley,30,2,547,54253,0
aarq,ackley,30,2,548,54352,0
aarq,ackley,30,2,549,54451,0
aarq,ackley,30,2,550,54550,0
aarq,ackley,30,2,551,54649,0
aarq,ackley,30,2,552,54748,0
aarq,ackley,30,2,553,54847,0
aarq,ackley,30,2,554,54946,0
aarq,ackley,30,2,555,55045,0
aarq,ackley,30,2,556,55144,0
aarq,ackley,30,2,557,55243,0
aarq,ackley,30,2,558,55342,0
aarq,ackley,30,2,559,55441,0
aarq,ackley,30,2,560,55540,0
aarq,ackley,30,2,561,55639,0
aarq,ackley,30,2,562,55738,0
aarq,ackley,30,2,563,55837,0
aarq,ackley,30,2,564,55936,0
aarq,ackley,30,2,565,56035,0
aarq,ackley,30,2,566,56134,0
aarq,ackley,30,2,567,56233,0
aarq,ackley,30,2,568,56332,0
aarq,ackley,30,2,569,56431,0
aarq,ackley,30,2,570,56530,0
aarq,ackley,30,2,571,56629,0
aarq,ackley,30,2,572,56728,0
aarq,ackley,30,2,573,56827,0
aarq,ackley,30,2,574,56926,0
aarq,ackley,30,2,575,57025,0
aarq,ackley,30,2,576,57124,0
aarq,ackley,30,2,577,57223,0
aarq,ackley,30,2,578,57322,0
aarq,ackley,30,2,579,57421,0
aarq,ackley,30,2,580,57520,0
aarq,ackley,30,2,581,57619,0
aarq,ackley,30,2,582,57718,0
aarq,ackley,30,2,583,57817,0
aarq,ackley,30,2,584,57916,0
aarq,ackley,30,2,585,58015,0
aarq,ackley,30,2,586,58114,0
aarq,ackley,30,2,587,58213,0
aarq,ackley,30,2,588,58312,0
aarq,ackley,30,2,589,58411,0
aarq,ackley,30,2,590,58510,0
aarq,ackley,30,2,591,58609,0
aarq,ackley,30,2,592,58708,0
aarq,ackley,30,2,593,58807,0
aarq,ackley,30,2,594,58906,0
aarq,ackley,30,2,595,59005,0
aarq,ackley,30,2,596,59104,0
aarq,ackley,30,2,597,59203,0
aarq,ackley,30,2,598,59302,0
aarq,ackley,30,2,599,59401,0
aarq,ackley,30,2,600,59500,0
aarq,ackley,30,2,601,59599,0
aarq,ackley,30,2,602,59698,0
aarq,ackley,30,2,603,59797,0
aarq,ackley,30,2,604,59896,0
aarq,ackley,30,2,605,59995,0
aarq,ackley,30,2,606,60094,0
aarq,ackley,30,2,607,60193,0
aarq,ackley,30,2,608,60292,0
aarq,ackley,30,2,609,60391,0
aarq,ackley,30,2,610,60490,0
aarq,ackley,30,2,611,60589,0
aarq,ackley,30,2,612,60688,0
aarq,ackley,30,2,613,60787,0
aarq,ackley,30,2,614,60886,0
aarq,ackley,30,2,615,60985,0
aarq,ackley,30,2,616,61084,0
aarq,ackley,30,2,617,61183,0
aarq,ackley,30,2,618,61282,0
aarq,ackley,30,2,619,61381,0
aarq,ackley,30,2,620,61480,0
aarq,ackley,30,2,621,61579,0
aarq,ackley,30,2,622,61678,0
aarq,ackley,30,2,623,61777,0
aarq,ackley,30,2,624,61876,0
aarq,ackley,30,2,625,61975,0
aarq,ackley,30,2,626,62074,0
aarq,ackley,30,2,627,62173,0
aarq,ackley,30,2,628,62272,0
aarq,ackley,30,2,629,62371,0
aarq,ackley,30,2,630,62470,0
aarq,ackley,30,2,631,62569,0
aarq,ackley,30,2,632,62668,0
aarq,ackley,30,2,633,62767,0
aarq,ackley,30,2,634,62866,0
aarq,ackley,30,2,635,62965,0
aarq,ackley,30,2,636,63064,0
aarq,ackley,30,2,637,63163,0
aarq,ackley,30,2,638,63262,0
aarq,ackley,30,2,639,63361,0
aarq,ackley,30,2,640,63460,0
aarq,ackley,30,2,641,63559,0
aarq,ackley,30,2,642,63658,0
aarq,ackley,30,2,643,63757,0
aarq,ackley,30,2,644,63856,0
aarq,ackley,30,2,645,63955,0
aarq,ackley,30,2,646,64054,0
aarq,ackley,30,2,647,64153,0
aarq,ackley,30,2,648,64252,0
aarq,ackley,30,2,649,64351,0
aarq,ackley,30,2,650,64450,0
aarq,ackley,30,2,651,64549,0
aarq,ackley,30,2,652,64648,0
aarq,ackley,30,2,653,64747,0
aarq,ackley,30,2,654,64846,0
aarq,ackley,30,2,655,64945,0
aarq,ackley,30,2,656,65044,0
aarq,ackley,30,2,657,65143,0
aarq,ackley,30,2,658,65242,0
aarq,ackley,30,2,659,65341,0
aarq,ackley,30,2,660,65440,0
aarq,ackley,30,2,661,65539,0
aarq,ackley,30,2,662,65638,0
aarq,ackley,30,2,663,65737,0
aarq,ackley,30,2,664,65836,0
aarq,ackley,30,2,665,65935,0
aarq,ackley,30,2,666,66034,0
aarq,ackley,30,2,667,66133,0
aarq,ackley,30,2,668,66232,0
aarq,ackley,30,2,669,66331,0
aarq,ackley,30,2,670,66430,0
aarq,ackley,30,2,671,66529,0
aarq,ackley,30,2,672,66628,0
aarq,ackley,30,2,673,66727,0
aarq,ackley,30,2,674,66826,0
aarq,ackley,30,2,675,66925,0
aarq,ackley,30,2,676,67024,0
aarq,ackley,30,2,677,67123,0
aarq,ackley,30,2,678,67222,0
aarq,ackley,30,2,679,67321,0
aarq,ackley,30,2,680,67420,0
aarq,ackley,30,2,681,67519,0
aarq,ackley,30,2,682,67618,0
aarq,ackley,30,2,683,67717,0
aarq,ackley,30,2,684,67816,0
aarq,ackley,30,2,685,67915,0
aarq,ackley,30,2,686,68014,0
aarq,ackley,30,2,687,68113,0
aarq,ackley,30,2,688,68212,0
aarq,ackley,30,2,689,68311,0
aarq,ackley,30,2,690,68410,0
aarq,ackley,30,2,691,68509,0
aarq,ackley,30,2,692,68608,0
aarq,ackley,30,2,693,68707,0
aarq,ackley,30,2,694,68806,0
aarq,ackley,30,2,695,68905,0
aarq,ackley,30,2,696,69004,0
aarq,ackley,30,2,697,69103,0
aarq,ackley,30,2,698,69202,0
aarq,ackley,30,2,699,69301,0
aarq,ackley,30,2,700,69400,0
aarq,ackley,30,2,701,69499,0
aarq,ackley,30,2,702,69598,0
aarq,ackley,30,2,703,69697,0
aarq,ackley,30,2,704,69796,0
aarq,ackley,30,2,705,69895,0
aarq,ackley,30,2,706,69994,0
aarq,ackley,30,2,707,70093,0
aarq,ackley,30,2,708,70192,0
aarq,ackley,30,2,709,70291,0
aarq,ackley,30,2,710,70390,0
aarq,ackley,30,2,711,70489,0
aarq,ackley,30,2,712,70588,0
aarq,ackley,30,2,713,70687,0
aarq,ackley,30,2,714,70786,0
aarq,ackley,30,2,715,70885,0
aarq,ackley,30,2,716,70984,0
aarq,ackley,30,2,717,71083,0
aarq,ackley,30,2,718,71182,0
aarq,ackley,30,2,719,71281,0
aarq,ackley,30,2,720,71380,0
aarq,ackley,30,2,721,71479,0
aarq,ackley,30,2,722,71578,0
aarq,ackley,30,2,723,71677,0
aarq,ackley,30,2,724,71776,0
aarq,ackley,30,2,725,71875,0
aarq,ackley,30,2,726,71974,0
aarq,ackley,30,2,727,72073,0
aarq,ackley,30,2,728,72172,0
aarq,ackley,30,2,729,72271,0
aarq,ackley,30,2,730,72370,0
aarq,ackley,30,2,731,72469,0
aarq,ackley,30,2,732,72568,0
aarq,ackley,30,2,733,72667,0
aarq,ackley,30,2,734,72766,0
aarq,ackley,30,2,735,72865,0
aarq,ackley,30,2,736,72964,0
aarq,ackley,30,2,737,73063,0
aarq,ackley,30,2,738,73162,0
aarq,ackley,30,2,739,73261,0
aarq,ackley,30,2,740,73360,0
aarq,ackley,30,2,741,73459,0
aarq,ackley,30,2,742,73558,0
aarq,ackley,30,2,743,73657,0
aarq,ackley,30,2,744,73756,0
aarq,ackley,30,2,745,73855,0
aarq,ackley,30,2,746,73954,0
aarq,ackley,30,2,747,74053,0
aarq,ackley,30,2,748,74152,0
aarq,ackley,30,2,749,74251,0
aarq,ackley,30,2,750,74350,0
aarq,ackley,30,2,751,74449,0
aarq,ackley,30,2,752,74548,0
aarq,ackley,30,2,753,74647,0
aarq,ackley,30,2,754,74746,0
aarq,ackley,30,2,755,74845,0
aarq,ackley,30,2,756,74944,0
aarq,ackley,30,2,757,75043,0
aarq,ackley,30,2,758,75142,0
aarq,ackley,30,2,759,75241,0
aarq,ackley,30,2,760,75340,0
aarq,ackley,30,2,761,75439,0
aarq,ackley,30,2,762,75538,0
aarq,ackley,30,2,763,75637,0
aarq,ackley,30,2,764,75736,0
aarq,ackley,30,2,765,75835,0
aarq,ackley,30,2,766,75934,0
aarq,ackley,30,2,767,76033,0
aarq,ackley,30,2,768,76132,0
aarq,ackley,30,2,769,76231,0
aarq,ackley,30,2,770,76330,0
aarq,ackley,30,2,771,76429,0
aarq,ackley,30,2,772,76528,0
aarq,ackley,30,2,773,76627,0
aarq,ackley,30,2,774,76726,0
aarq,ackley,30,2,775,76825,0
aarq,ackley,30,2,776,76924,0
aarq,ackley,30,2,777,77023,0
aarq,ackley,30,2,778,77122,0
aarq,ackley,30,2,779,77221,0
aarq,ackley,30,2,780,77320,0
aarq,ackley,30,2,781,77419,0
aarq,ackley,30,2,782,77518,0
aarq,ackley,30,2,783,77617,0
aarq,ackley,30,2,784,77716,0
aarq,ackley,30,2,785,77815,0
aarq,ackley,30,2,786,77914,0
aarq,ackley,30,2,787,78013,0
aarq,ackley,30,2,788,78112,0
aarq,ackley,30,2,789,78211,0
aarq,ackley,30,2,790,78310,0
aarq,ackley,30,2,791,78409,0
aarq,ackley,30,2,792,78508,0
aarq,ackley,30,2,793,78607,0
aarq,ackley,30,2,794,78706,0
aarq,ackley,30,2,795,78805,0
aarq,ackley,30,2,796,78904,0
aarq,ackley,30,2,797,79003,0
aarq,ackley,30,2,798,79102,0
aarq,ackley,30,2,799,79201,0
aarq,ackley,30,2,800,79300,0
aarq,ackley,30,2,801,79399,0
aarq,ackley,30,2,802,79498,0
aarq,ackley,30,2,803,79597,0
aarq,ackley,30,2,804,79696,0
aarq,ackley,30,2,805,79795,0
aarq,ackley,30,2,806,79894,0
aarq,ackley,30,2,807,79993,0
aarq,ackley,30,2,808,80092,0
aarq,ackley,30,2,809,80191,0
aarq,ackley,30,2,810,80290,0
aarq,ackley,30,2,811,80389,0
aarq,ackley,30,2,812,80488,0
aarq,ackley,30,2,813,80587,0
aarq,ackley,30,2,814,80686,0
aarq,ackley,30,2,815,80785,0
aarq,ackley,30,2,816,80884,0
aarq,ackley,30,2,817,80983,0
aarq,ackley,30,2,818,81082,0
aarq,ackley,30,2,819,81181,0
aarq,ackley,30,2,820,81280,0
aarq,ackley,30,2,821,81379,0
aarq,ackley,30,2,822,81478,0
aarq,ackley,30,2,823,81577,0
aarq,ackley,30,2,824,81676,0
aarq,ackley,30,2,825,81775,0
aarq,ackley,30,2,826,81874,0
aarq,ackley,30,2,827,81973,0
aarq,ackley,30,2,828,82072,0
aarq,ackley,30,2,829,82171,0
aarq,ackley,30,2,830,82270,0
aarq,ackley,30,2,831,82369,0
aarq,ackley,30,2,832,82468,0
aarq,ackley,30,2,833,82567,0
aarq,ackley,30,2,834,82666,0
aarq,ackley,30,2,835,82765,0
aarq,ackley,30,2,836,82864,0
aarq,ackley,30,2,837,82963,0
aarq,ackley,30,2,838,83062,0
aarq,ackley,30,2,839,83161,0
aarq,ackley,30,2,840,83260,0
aarq,ackley,30,2,841,83359,0
aarq,ackley,30,2,842,83458,0
aarq,ackley,30,2,843,83557,0
aarq,ackley,30,2,844,83656,0
aarq,ackley,30,2,845,83755,0
aarq,ackley,30,2,846,83854,0
aarq,ackley,30,2,847,83953,0
aarq,ackley,30,2,848,84052,0
aarq,ackley,30,2,849,84151,0
aarq,ackley,30,2,850,84250,0
aarq,ackley,30,2,851,84349,0
aarq,ackley,30,2,852,84448,0
aarq,ackley,30,2,853,84547,0
aarq,ackley,30,2,854,84646,0
aarq,ackley,30,2,855,84745,0
aarq,ackley,30,2,856,84844,0
aarq,ackley,30,2,857,84943,0
aarq,ackley,30,2,858,85042,0
aarq,ackley,30,2,859,85141,0
aarq,ackley,30,2,860,85240,0
aarq,ackley,30,2,861,85339,0
aarq,ackley,30,2,862,85438,0
aarq,ackley,30,2,863,85537,0
aarq,ackley,30,2,864,85636,0
aarq,ackley,30,2,865,85735,0
aarq,ackley,30,2,866,85834,0
aarq,ackley,30,2,867,85933,0
aarq,ackley,30,2,868,86032,0
aarq,ackley,30,2,869,86131,0
aarq,ackley,30,2,870,86230,0
aarq,ackley,30,2,871,86329,0
aarq,ackley,30,2,872,86428,0
aarq,ackley,30,2,873,86527,0
aarq,ackley,30,2,874,86626,0
aarq,ackley,30,2,875,86725,0
aarq,ackley,30,2,876,86824,0
aarq,ackley,30,2,877,86923,0
aarq,ackley,30,2,878,87022,0
aarq,ackley,30,2,879,87121,0
aarq,ackley,30,2,880,87220,0
aarq,ackley,30,2,881,87319,0
aarq,ackley,30,2,882,87418,0
aarq,ackley,30,2,883,87517,0
aarq,ackley,30,2,884,87616,0
aarq,ackley,30,2,885,87715,0
aarq,ackley,30,2,886,87814,0
aarq,ackley,30,2,887,87913,0
aarq,ackley,30,2,888,88012,0
aarq,ackley,30,2,889,88111,0
aarq,ackley,30,2,890,88210,0
aarq,ackley,30,2,891,88309,0
aarq,ackley,30,2,892,88408,0
aarq,ackley,30,2,893,88507,0
aarq,ackley,30,2,894,88606,0
aarq,ackley,30,2,895,88705,0
aarq,ackley,30,2,896,88804,0
aarq,ackley,30,2,897,88903,0
aarq,ackley,30,2,898,89002,0
aarq,ackley,30,2,899,89101,0
aarq,ackley,30,2,900,89200,0
aarq,ackley,30,2,901,89299,0
aarq,ackley,30,2,902,89398,0
aarq,ackley,30,2,903,89497,0
aarq,ackley,30,2,904,89596,0
aarq,ackley,30,2,905,89695,0
aarq,ackley,30,2,906,89794,0
aarq,ackley,30,2,907,89893,0
aarq,ackley,30,2,908,89992,0
aarq,ackley,30,2,909,90091,0
aarq,ackley,30,2,910,90190,0
aarq,ackley,30,2,911,90289,0
aarq,ackley,30,2,912,90388,0
aarq,ackley,30,2,913,90487,0
aarq,ackley,30,2,914,90586,0
aarq,ackley,30,2,915,90685,0
aarq,ackley,30,2,916,90784,0
aarq,ackley,30,2,917,90883,0
aarq,ackley,30,2,918,90982,0
aarq,ackley,30,2,919,91081,0
aarq,ackley,30,2,920,91180,0
aarq,ackley,30,2,921,91279,0
aarq,ackley,30,2,922,91378,0
aarq,ackley,30,2,923,91477,0
aarq,ackley,30,2,924,91576,0
aarq,ackley,30,2,925,91675,0
aarq,ackley,30,2,926,91774,0
aarq,ackley,30,2,927,91873,0
aarq,ackley,30,2,928,91972,0
aarq,ackley,30,2,929,92071,0
aarq,ackley,30,2,930,92170,0
aarq,ackley,30,2,931,92269,0
aarq,ackley,30,2,932,92368,0
aarq,ackley,30,2,933,92467,0
aarq,ackley,30,2,934,92566,0
aarq,ackley,30,2,935,92665,0
aarq,ackley,30,2,936,92764,0
aarq,ackley,30,2,937,92863,0
aarq,ackley,30,2,938,92962,0
aarq,ackley,30,2,939,93061,0
aarq,ackley,30,2,940,93160,0
aarq,ackley,30,2,941,93259,0
aarq,ackley,30,2,942,93358,0
aarq,ackley,30,2,943,93457,0
aarq,ackley,30,2,944,93556,0
aarq,ackley,30,2,945,93655,0
aarq,ackley,30,2,946,93754,0
aarq,ackley,30,2,947,93853,0
aarq,ackley,30,2,948,93952,0
aarq,ackley,30,2,949,94051,0
aarq,ackley,30,2,950,94150,0
aarq,ackley,30,2,951,94249,0
aarq,ackley,30,2,952,94348,0
aarq,ackley,30,2,953,94447,0
aarq,ackley,30,2,954,94546,0
aarq,ackley,30,2,955,94645,0
aarq,ackley,30,2,956,94744,0
aarq,ackley,30,2,957,94843,0
aarq,ackley,30,2,958,94942,0
aarq,ackley,30,2,959,95041,0
aarq,ackley,30,2,960,95140,0
aarq,ackley,30,2,961,95239,0
aarq,ackley,30,2,962,95338,0
aarq,ackley,30,2,963,95437,0
aarq,ackley,30,2,964,95536,0
aarq,ackley,30,2,965,95635,0
aarq,ackley,30,2,966,95734,0
aarq,ackley,30,2,967,95833,0
aarq,ackley,30,2,968,95932,0
aarq,ackley,30,2,969,96031,0
aarq,ackley,30,2,970,96130,0
aarq,ackley,30,2,971,96229,0
aarq,ackley,30,2,972,96328,0
aarq,ackley,30,2,973,96427,0
aarq,ackley,30,2,974,96526,0
aarq,ackley,30,2,975,96625,0
aarq,ackley,30,2,976,96724,0
aarq,ackley,30,2,977,96823,0
aarq,ackley,30,2,978,96922,0
aarq,ackley,30,2,979,97021,0
aarq,ackley,30,2,980,97120,0
aarq,ackley,30,2,981,97219,0
aarq,ackley,30,2,982,97318,0
aarq,ackley,30,2,983,97417,0
aarq,ackley,30,2,984,97516,0
aarq,ackley,30,2,985,97615,0
aarq,ackley,30,2,986,97714,0
aarq,ackley,30,2,987,97813,0
aarq,ackley,30,2,988,97912,0
aarq,ackley,30,2,989,98011,0
aarq,ackley,30,2,990,98110,0
aarq,ackley,30,2,991,98209,0
aarq,ackley,30,2,992,98308,0
aarq,ackley,30,2,993,98407,0
aarq,ackley,30,2,994,98506,0
aarq,ackley,30,2,995,98605,0
aarq,ackley,30,2,996,98704,0
aarq,ackley,30,2,997,98803,0
aarq,ackley,30,2,998,98902,0
aarq,ackley,30,2,999,99001,0
aarq,ackley,30,2,1000,99100,0
aarq,ackley,30,2,1001,99199,0
aarq,ackley,30,2,1002,99298,0
aarq,ackley,30,2,1003,99397,0
aarq,ackley,30,2,1004,99496,0
aarq,ackley,30,2,1005,99595,0
aarq,ackley,30,2,1006,99694,0
aarq,ackley,30,2,1007,99793,0
aarq,ackley,30,2,1008,99892,0
aarq,ackley,30,2,1009,99991,0
aarq,ackley,30,2,1010,100090,0
aarq,ackley,30,2,1011,100189,0
aarq,ackley,30,2,1012,100288,0
aarq,ackley,30,2,1013,100387,0
aarq,ackley,30,2,1014,100486,0
aarq,ackley,30,2,1015,100585,0
aarq,ackley,30,2,1016,100684,0
aarq,ackley,30,2,1017,100783,0
aarq,ackley,30,2,1018,100882,0
aarq,ackley,30,2,1019,100981,0
aarq,ackley,30,2,1020,101080,0
aarq,ackley,30,2,1021,101179,0
aarq,ackley,30,2,1022,101278,0
aarq,ackley,30,2,1023,101377,0
aarq,ackley,30,2,1024,101476,0
aarq,ackley,30,2,1025,101575,0
aarq,ackley,30,2,1026,101674,0
aarq,ackley,30,2,1027,101773,0
aarq,ackley,30,2,1028,101872,0
aarq,ackley,30,2,1029,101971,0
aarq,ackley,30,2,1030,102070,0
aarq,ackley,30,2,1031,102169,0
aarq,ackley,30,2,1032,102268,0
aarq,ackley,30,2,1033,102367,0
aarq,ackley,30,2,1034,102466,0
aarq,ackley,30,2,1035,102565,0
aarq,ackley,30,2,1036,102664,0
aarq,ackley,30,2,1037,102763,0
aarq,ackley,30,2,1038,102862,0
aarq,ackley,30,2,1039,102961,0
aarq,ackley,30,2,1040,103060,0
aarq,ackley,30,2,1041,103159,0
aarq,ackley,30,2,1042,103258,0
aarq,ackley,30,2,1043,103357,0
aarq,ackley,30,2,1044,103456,0
aarq,ackley,30,2,1045,103555,0
aarq,ackley,30,2,1046,103654,0
aarq,ackley,30,2,1047,103753,0
aarq,ackley,30,2,1048,103852,0
aarq,ackley,30,2,1049,103951,0
aarq,ackley,30,2,1050,104050,0
aarq,ackley,30,2,1051,104149,0
aarq,ackley,30,2,1052,104248,0
aarq,ackley,30,2,1053,104347,0
aarq,ackley,30,2,1054,104446,0
aarq,ackley,30,2,1055,104545,0
aarq,ackley,30,2,1056,104644,0
aarq,ackley,30,2,1057,104743,0
aarq,ackley,30,2,1058,104842,0
aarq,ackley,30,2,1059,104941,0
aarq,ackley,30,2,1060,105040,0
aarq,ackley,30,2,1061,105139,0
aarq,ackley,30,2,1062,105238,0
aarq,ackley,30,2,1063,105337,0
aarq,ackley,30,2,1064,105436,0
aarq,ackley,30,2,1065,105535,0
aarq,ackley,30,2,1066,105634,0
aarq,ackley,30,2,1067,105733,0
aarq,ackley,30,2,1068,105832,0
aarq,ackley,30,2,1069,105931,0
aarq,ackley,30,2,1070,106030,0
aarq,ackley,30,2,1071,106129,0
aarq,ackley,30,2,1072,106228,0
aarq,ackley,30,2,1073,106327,0
aarq,ackley,30,2,1074,106426,0
aarq,ackley,30,2,1075,106525,0
aarq,ackley,30,2,1076,106624,0
aarq,ackley,30,2,1077,106723,0
aarq,ackley,30,2,1078,106822,0
aarq,ackley,30,2,1079,106921,0
aarq,ackley,30,2,1080,107020,0
aarq,ackley,30,2,1081,107119,0
aarq,ackley,30,2,1082,107218,0
aarq,ackley,30,2,1083,107317,0
aarq,ackley,30,2,1084,107416,0
aarq,ackley,30,2,1085,107515,0
aarq,ackley,30,2,1086,107614,0
aarq,ackley,30,2,1087,107713,0
aarq,ackley,30,2,1088,107812,0
aarq,ackley,30,2,1089,107911,0
aarq,ackley,30,2,1090,108010,0
aarq,ackley,30,2,1091,108109,0
aarq,ackley,30,2,1092,108208,0
aarq,ackley,30,2,1093,108307,0
aarq,ackley,30,2,1094,108406,0
aarq,ackley,30,2,1095,108505,0
aarq,ackley,30,2,1096,108604,0
aarq,ackley,30,2,1097,108703,0
aarq,ackley,30,2,1098,108802,0
aarq,ackley,30,2,1099,108901,0
aarq,ackley,30,2,1100,109000,0
aarq,ackley,30,2,1101,109099,0
aarq,ackley,30,2,1102,109198,0
aarq,ackley,30,2,1103,109297,0
aarq,ackley,30,2,1104,109396,0
aarq,ackley,30,2,1105,109495,0
aarq,ackley,30,2,1106,109594,0
aarq,ackley,30,2,1107,109693,0
aarq,ackley,30,2,1108,109792,0
aarq,ackley,30,2,1109,109891,0
aarq,ackley,30,2,1110,109990,0
aarq,ackley,30,2,1111,110089,0
aarq,ackley,30,2,1112,110188,0
aarq,ackley,30,2,1113,110287,0
aarq,ackley,30,2,1114,110386,0
aarq,ackley,30,2,1115,110485,0
aarq,ackley,30,2,1116,110584,0
aarq,ackley,30,2,1117,110683,0
aarq,ackley,30,2,1118,110782,0
aarq,ackley,30,2,1119,110881,0
aarq,ackley,30,2,1120,110980,0
aarq,ackley,30,2,1121,111079,0
aarq,ackley,30,2,1122,111178,0
aarq,ackley,30,2,1123,111277,0
aarq,ackley,30,2,1124,111376,0
aarq,ackley,30,2,1125,111475,0
aarq,ackley,30,2,1126,111574,0
aarq,ackley,30,2,1127,111673,0
aarq,ackley,30,2,1128,111772,0
aarq,ackley,30,2,1129,111871,0
aarq,ackley,30,2,1130,111970,0
aarq,ackley,30,2,1131,112069,0
aarq,ackley,30,2,1132,112168,0
aarq,ackley,30,2,1133,112267,0
aarq,ackley,30,2,1134,112366,0
aarq,ackley,30,2,1135,112465,0
aarq,ackley,30,2,1136,112564,0
aarq,ackley,30,2,1137,112663,0
aarq,ackley,30,2,1138,112762,0
aarq,ackley,30,2,1139,112861,0
aarq,ackley,30,2,1140,112960,0
aarq,ackley,30,2,1141,113059,0
aarq,ackley,30,2,1142,113158,0
aarq,ackley,30,2,1143,113257,0
aarq,ackley,30,2,1144,113356,0
aarq,ackley,30,2,1145,113455,0
aarq,ackley,30,2,1146,113554,0
aarq,ackley,30,2,1147,113653,0
aarq,ackley,30,2,1148,113752,0
aarq,ackley,30,2,1149,113851,0
aarq,ackley,30,2,1150,113950,0
aarq,ackley,30,2,1151,114049,0
aarq,ackley,30,2,1152,114148,0
aarq,ackley,30,2,1153,114247,0
aarq,ackley,30,2,1154,114346,0
aarq,ackley,30,2,1155,114445,0
aarq,ackley,30,2,1156,114544,0
aarq,ackley,30,2,1157,114643,0
aarq,ackley,30,2,1158,114742,0
aarq,ackley,30,2,1159,114841,0
aarq,ackley,30,2,1160,114940,0
aarq,ackley,30,2,1161,115039,0
aarq,ackley,30,2,1162,115138,0
aarq,ackley,30,2,1163,115237,0
aarq,ackley,30,2,1164,115336,0
aarq,ackley,30,2,1165,115435,0
aarq,ackley,30,2,1166,115534,0
aarq,ackley,30,2,1167,115633,0
aarq,ackley,30,2,1168,115732,0
aarq,ackley,30,2,1169,115831,0
aarq,ackley,30,2,1170,115930,0
aarq,ackley,30,2,1171,116029,0
aarq,ackley,30,2,1172,116128,0
aarq,ackley,30,2,1173,116227,0
aarq,ackley,30,2,1174,116326,0
aarq,ackley,30,2,1175,116425,0
aarq,ackley,30,2,1176,116524,0
aarq,ackley,30,2,1177,116623,0
aarq,ackley,30,2,1178,116722,0
aarq,ackley,30,2,1179,116821,0
aarq,ackley,30,2,1180,116920,0
aarq,ackley,30,2,1181,117019,0
aarq,ackley,30,2,1182,117118,0
aarq,ackley,30,2,1183,117217,0
aarq,ackley,30,2,1184,117316,0
aarq,ackley,30,2,1185,117415,0
aarq,ackley,30,2,1186,117514,0
aarq,ackley,30,2,1187,117613,0
aarq,ackley,30,2,1188,117712,0
aarq,ackley,30,2,1189,117811,0
aarq,ackley,30,2,1190,117910,0
aarq,ackley,30,2,1191,118009,0
aarq,ackley,30,2,1192,118108,0
aarq,ackley,30,2,1193,118207,0
aarq,ackley,30,2,1194,118306,0
aarq,ackley,30,2,1195,118405,0
aarq,ackley,30,2,1196,118504,0
aarq,ackley,30,2,1197,118603,0
aarq,ackley,30,2,1198,118702,0
aarq,ackley,30,2,1199,118801,0
aarq,ackley,30,2,1200,118900,0
aarq,ackley,30,2,1201,118999,0
aarq,ackley,30,2,1202,119098,0
aarq,ackley,30,2,1203,119197,0
aarq,ackley,30,2,1204,119296,0
aarq,ackley,30,2,1205,119395,0
aarq,ackley,30,2,1206,119494,0
aarq,ackley,30,2,1207,119593,0
aarq,ackley,30,2,1208,119692,0
aarq,ackley,30,2,1209,119791,0
aarq,ackley,30,2,1210,119890,0
aarq,ackley,30,2,1211,119989,0
aarq,ackley,30,2,1212,120088,0
aarq,ackley,30,2,1213,120187,0
aarq,ackley,30,2,1214,120286,0
aarq,ackley,30,2,1215,120385,0
aarq,ackley,30,2,1216,120484,0
aarq,ackley,30,2,1217,120583,0
aarq,ackley,30,2,1218,120682,0
aarq,ackley,30,2,1219,120781,0
aarq,ackley,30,2,1220,120880,0
aarq,ackley,30,2,1221,120979,0
aarq,ackley,30,2,1222,121078,0
aarq,ackley,30,2,1223,121177,0
aarq,ackley,30,2,1224,121276,0
aarq,ackley,30,2,1225,121375,0
aarq,ackley,30,2,1226,121474,0
aarq,ackley,30,2,1227,121573,0
aarq,ackley,30,2,1228,121672,0
aarq,ackley,30,2,1229,121771,0
aarq,ackley,30,2,1230,121870,0
aarq,ackley,30,2,1231,121969,0
aarq,ackley,30,2,1232,122068,0
aarq,ackley,30,2,1233,122167,0
aarq,ackley,30,2,1234,122266,0
aarq,ackley,30,2,1235,122365,0
aarq,ackley,30,2,1236,122464,0
aarq,ackley,30,2,1237,122563,0
aarq,ackley,30,2,1238,122662,0
aarq,ackley,30,2,1239,122761,0
aarq,ackley,30,2,1240,122860,0
aarq,ackley,30,2,1241,122959,0
aarq,ackley,30,2,1242,123058,0
aarq,ackley,30,2,1243,123157,0
aarq,ackley,30,2,1244,123256,0
aarq,ackley,30,2,1245,123355,0
aarq,ackley,30,2,1246,123454,0
aarq,ackley,30,2,1247,123553,0
aarq,ackley,30,2,1248,123652,0
aarq,ackley,30,2,1249,123751,0
aarq,ackley,30,2,1250,123850,0
aarq,ackley,30,2,1251,123949,0
aarq,ackley,30,2,1252,124048,0
aarq,ackley,30,2,1253,124147,0
aarq,ackley,30,2,1254,124246,0
aarq,ackley,30,2,1255,124345,0
aarq,ackley,30,2,1256,124444,0
aarq,ackley,30,2,1257,124543,0
aarq,ackley,30,2,1258,124642,0
aarq,ackley,30,2,1259,124741,0
aarq,ackley,30,2,1260,124840,0
aarq,ackley,30,2,1261,124939,0
aarq,ackley,30,2,1262,125038,0
aarq,ackley,30,2,1263,125137,0
aarq,ackley,30,2,1264,125236,0
aarq,ackley,30,2,1265,125335,0
aarq,ackley,30,2,1266,125434,0
aarq,ackley,30,2,1267,125533,0
aarq,ackley,30,2,1268,125632,0
aarq,ackley,30,2,1269,125731,0
aarq,ackley,30,2,1270,125830,0
aarq,ackley,30,2,1271,125929,0
aarq,ackley,30,2,1272,126028,0
aarq,ackley,30,2,1273,126127,0
aarq,ackley,30,2,1274,126226,0
aarq,ackley,30,2,1275,126325,0
aarq,ackley,30,2,1276,126424,0
aarq,ackley,30,2,1277,126523,0
aarq,ackley,30,2,1278,126622,0
aarq,ackley,30,2,1279,126721,0
aarq,ackley,30,2,1280,126820,0
aarq,ackley,30,2,1281,126919,0
aarq,ackley,30,2,1282,127018,0
aarq,ackley,30,2,1283,127117,0
aarq,ackley,30,2,1284,127216,0
aarq,ackley,30,2,1285,127315,0
aarq,ackley,30,2,1286,127414,0
aarq,ackley,30,2,1287,127513,0
aarq,ackley,30,2,1288,127612,0
aarq,ackley,30,2,1289,127711,0
aarq,ackley,30,2,1290,127810,0
aarq,ackley,30,2,1291,127909,0
aarq,ackley,30,2,1292,128008,0
aarq,ackley,30,2,1293,128107,0
aarq,ackley,30,2,1294,128206,0
aarq,ackley,30,2,1295,128305,0
aarq,ackley,30,2,1296,128404,0
aarq,ackley,30,2,1297,128503,0
aarq,ackley,30,2,1298,128602,0
aarq,ackley,30,2,1299,128701,0
aarq,ackley,30,2,1300,128800,0
aarq,ackley,30,2,1301,128899,0
aarq,ackley,30,2,1302,128998,0
aarq,ackley,30,2,1303,129097,0
aarq,ackley,30,2,1304,129196,0
aarq,ackley,30,2,1305,129295,0
aarq,ackley,30,2,1306,129394,0
aarq,ackley,30,2,1307,129493,0
aarq,ackley,30,2,1308,129592,0
aarq,ackley,30,2,1309,129691,0
aarq,ackley,30,2,1310,129790,0
aarq,ackley,30,2,1311,129889,0
aarq,ackley,30,2,1312,129988,0
aarq,ackley,30,2,1313,130087,0
aarq,ackley,30,2,1314,130186,0
aarq,ackley,30,2,1315,130285,0
aarq,ackley,30,2,1316,130384,0
aarq,ackley,30,2,1317,130483,0
aarq,ackley,30,2,1318,130582,0
aarq,ackley,30,2,1319,130681,0
aarq,ackley,30,2,1320,130780,0
aarq,ackley,30,2,1321,130879,0
aarq,ackley,30,2,1322,130978,0
aarq,ackley,30,2,1323,131077,0
aarq,ackley,30,2,1324,131176,0
aarq,ackley,30,2,1325,131275,0
aarq,ackley,30,2,1326,131374,0
aarq,ackley,30,2,1327,131473,0
aarq,ackley,30,2,1328,131572,0
aarq,ackley,30,2,1329,131671,0
aarq,ackley,30,2,1330,131770,0
aarq,ackley,30,2,1331,131869,0
aarq,ackley,30,2,1332,131968,0
aarq,ackley,30,2,1333,132067,0
aarq,ackley,30,2,1334,132166,0
aarq,ackley,30,2,1335,132265,0
aarq,ackley,30,2,1336,132364,0
aarq,ackley,30,2,1337,132463,0
aarq,ackley,30,2,1338,132562,0
aarq,ackley,30,2,1339,132661,0
aarq,ackley,30,2,1340,132760,0
aarq,ackley,30,2,1341,132859,0
aarq,ackley,30,2,1342,132958,0
aarq,ackley,30,2,1343,133057,0
aarq,ackley,30,2,1344,133156,0
aarq,ackley,30,2,1345,133255,0
aarq,ackley,30,2,1346,133354,0
aarq,ackley,30,2,1347,133453,0
aarq,ackley,30,2,1348,133552,0
aarq,ackley,30,2,1349,133651,0
aarq,ackley,30,2,1350,133750,0
aarq,ackley,30,2,1351,133849,0
aarq,ackley,30,2,1352,133948,0
aarq,ackley,30,2,1353,134047,0
aarq,ackley,30,2,1354,134146,0
aarq,ackley,30,2,1355,134245,0
aarq,ackley,30,2,1356,134344,0
aarq,ackley,30,2,1357,134443,0
aarq,ackley,30,2,1358,134542,0
aarq,ackley,30,2,1359,134641,0
aarq,ackley,30,2,1360,134740,0
aarq,ackley,30,2,1361,134839,0
aarq,ackley,30,2,1362,134938,0
aarq,ackley,30,2,1363,135037,0
aarq,ackley,30,2,1364,135136,0
aarq,ackley,30,2,1365,135235,0
aarq,ackley,30,2,1366,135334,0
aarq,ackley,30,2,1367,135433,0
aarq,ackley,30,2,1368,135532,0
aarq,ackley,30,2,1369,135631,0
aarq,ackley,30,2,1370,135730,0
aarq,ackley,30,2,1371,135829,0
aarq,ackley,30,2,1372,135928,0
aarq,ackley,30,2,1373,136027,0
aarq,ackley,30,2,1374,136126,0
aarq,ackley,30,2,1375,136225,0
aarq,ackley,30,2,1376,136324,0
aarq,ackley,30,2,1377,136423,0
aarq,ackley,30,2,1378,136522,0
aarq,ackley,30,2,1379,136621,0
aarq,ackley,30,2,1380,136720,0
aarq,ackley,30,2,1381,136819,0
aarq,ackley,30,2,1382,136918,0
aarq,ackley,30,2,1383,137017,0
aarq,ackley,30,2,1384,137116,0
aarq,ackley,30,2,1385,137215,0
aarq,ackley,30,2,1386,137314,0
aarq,ackley,30,2,1387,137413,0
aarq,ackley,30,2,1388,137512,0
aarq,ackley,30,2,1389,137611,0
aarq,ackley,30,2,1390,137710,0
aarq,ackley,30,2,1391,137809,0
aarq,ackley,30,2,1392,137908,0
aarq,ackley,30,2,1393,138007,0
aarq,ackley,30,2,1394,138106,0
aarq,ackley,30,2,1395,138205,0
aarq,ackley,30,2,1396,138304,0
aarq,ackley,30,2,1397,138403,0
aarq,ackley,30,2,1398,138502,0
aarq,ackley,30,2,1399,138601,0
aarq,ackley,30,2,1400,138700,0
aarq,ackley,30,2,1401,138799,0
aarq,ackley,30,2,1402,138898,0
aarq,ackley,30,2,1403,138997,0
aarq,ackley,30,2,1404,139096,0
aarq,ackley,30,2,1405,139195,0
aarq,ackley,30,2,1406,139294,0
aarq,ackley,30,2,1407,139393,0
aarq,ackley,30,2,1408,139492,0
aarq,ackley,30,2,1409,139591,0
aarq,ackley,30,2,1410,139690,0
aarq,ackley,30,2,1411,139789,0
aarq,ackley,30,2,1412,139888,0
aarq,ackley,30,2,1413,139987,0
aarq,ackley,30,2,1414,140086,0
aarq,ackley,30,2,1415,140185,0
aarq,ackley,30,2,1416,140284,0
aarq,ackley,30,2,1417,140383,0
aarq,ackley,30,2,1418,140482,0
aarq,ackley,30,2,1419,140581,0
aarq,ackley,30,2,1420,140680,0
aarq,ackley,30,2,1421,140779,0
aarq,ackley,30,2,1422,140878,0
aarq,ackley,30,2,1423,140977,0
aarq,ackley,30,2,1424,141076,0
aarq,ackley,30,2,1425,141175,0
aarq,ackley,30,2,1426,141274,0
aarq,ackley,30,2,1427,141373,0
aarq,ackley,30,2,1428,141472,0
aarq,ackley,30,2,1429,141571,0
aarq,ackley,30,2,1430,141670,0
aarq,ackley,30,2,1431,141769,0
aarq,ackley,30,2,1432,141868,0
aarq,ackley,30,2,1433,141967,0
aarq,ackley,30,2,1434,142066,0
aarq,ackley,30,2,1435,142165,0
aarq,ackley,30,2,1436,142264,0
aarq,ackley,30,2,1437,142363,0
aarq,ackley,30,2,1438,142462,0
aarq,ackley,30,2,1439,142561,0
aarq,ackley,30,2,1440,142660,0
aarq,ackley,30,2,1441,142759,0
aarq,ackley,30,2,1442,142858,0
aarq,ackley,30,2,1443,142957,0
aarq,ackley,30,2,1444,143056,0
aarq,ackley,30,2,1445,143155,0
aarq,ackley,30,2,1446,143254,0
aarq,ackley,30,2,1447,143353,0
aarq,ackley,30,2,1448,143452,0
aarq,ackley,30,2,1449,143551,0
aarq,ackley,30,2,1450,143650,0
aarq,ackley,30,2,1451,143749,0
aarq,ackley,30,2,1452,143848,0
aarq,ackley,30,2,1453,143947,0
aarq,ackley,30,2,1454,144046,0
aarq,ackley,30,2,1455,144145,0
aarq,ackley,30,2,1456,144244,0
aarq,ackley,30,2,1457,144343,0
aarq,ackley,30,2,1458,144442,0
aarq,ackley,30,2,1459,144541,0
aarq,ackley,30,2,1460,144640,0
aarq,ackley,30,2,1461,144739,0
aarq,ackley,30,2,1462,144838,0
aarq,ackley,30,2,1463,144937,0
aarq,ackley,30,2,1464,145036,0
aarq,ackley,30,2,1465,145135,0
aarq,ackley,30,2,1466,145234,0
aarq,ackley,30,2,1467,145333,0
aarq,ackley,30,2,1468,145432,0
aarq,ackley,30,2,1469,145531,0
aarq,ackley,30,2,1470,145630,0
aarq,ackley,30,2,1471,145729,0
aarq,ackley,30,2,1472,145828,0
aarq,ackley,30,2,1473,145927,0
aarq,ackley,30,2,1474,146026,0
aarq,ackley,30,2,1475,146125,0
aarq,ackley,30,2,1476,146224,0
aarq,ackley,30,2,1477,146323,0
aarq,ackley,30,2,1478,146422,0
aarq,ackley,30,2,1479,146521,0
aarq,ackley,30,2,1480,146620,0
aarq,ackley,30,2,1481,146719,0
aarq,ackley,30,2,1482,146818,0
aarq,ackley,30,2,1483,146917,0
aarq,ackley,30,2,1484,147016,0
aarq,ackley,30,2,1485,147115,0
aarq,ackley,30,2,1486,147214,0
aarq,ackley,30,2,1487,147313,0
aarq,ackley,30,2,1488,147412,0
aarq,ackley,30,2,1489,147511,0
aarq,ackley,30,2,1490,147610,0
aarq,ackley,30,2,1491,147709,0
aarq,ackley,30,2,1492,147808,0
aarq,ackley,30,2,1493,147907,0
aarq,ackley,30,2,1494,148006,0
aarq,ackley,30,2,1495,148105,0
aarq,ackley,30,2,1496,148204,0
aarq,ackley,30,2,1497,148303,0
aarq,ackley,30,2,1498,148402,0
aarq,ackley,30,2,1499,148501,0
aarq,ackley,30,2,1500,148600,0
aarq,ackley,30,2,1501,148699,0
aarq,ackley,30,2,1502,148798,0
aarq,ackley,30,2,1503,148897,0
aarq,ackley,30,2,1504,148996,0
aarq,ackley,30,2,1505,149095,0
aarq,ackley,30,2,1506,149194,0
aarq,ackley,30,2,1507,149293,0
aarq,ackley,30,2,1508,149392,0
aarq,ackley,30,2,1509,149491,0
aarq,ackley,30,2,1510,149590,0
aarq,ackley,30,2,1511,149689,0
aarq,ackley,30,2,1512,149788,0
aarq,ackley,30,2,1513,149887,0
aarq,ackley,30,2,1514,149986,0
aarq,ackley,30,2,1515,150000,0
